filename,category,fold0,fold1,fold2,fold3,fold4
me3uqlixjn.jpg,0,TRUE,TRUE,TRUE,TRUE,FALSE
5c0vsrdtpq.jpg,0,TRUE,TRUE,TRUE,TRUE,FALSE
swixut5b3l.jpg,0,TRUE,TRUE,TRUE,FALSE,TRUE
m0eqa926lo.jpg,0,TRUE,TRUE,TRUE,FALSE,TRUE
5jr6x2y9p8.jpg,0,TRUE,TRUE,FALSE,TRUE,TRUE
9y7sv8xqc2.jpg,0,TRUE,TRUE,FALSE,TRUE,TRUE
nzt9hr5se2.jpg,0,TRUE,FALSE,TRUE,TRUE,TRUE
niky1zwp74.jpg,0,TRUE,FALSE,TRUE,TRUE,TRUE
3jdlrqgcz4.jpg,0,FALSE,TRUE,TRUE,TRUE,TRUE
m4dtjfyu0w.jpg,0,FALSE,TRUE,TRUE,TRUE,TRUE
utg5o0ih6z.jpg,1,TRUE,TRUE,TRUE,TRUE,FALSE
lqm4f15bdw.jpg,1,TRUE,TRUE,TRUE,TRUE,FALSE
h8q6mjt0kd.jpg,1,TRUE,TRUE,TRUE,FALSE,TRUE
s63th18doy.jpg,1,TRUE,TRUE,TRUE,FALSE,TRUE
gr8hxnsmju.jpg,1,TRUE,TRUE,FALSE,TRUE,TRUE
x96ckwmedv.jpg,1,TRUE,TRUE,FALSE,TRUE,TRUE
7m94tnvze5.jpg,1,TRUE,FALSE,TRUE,TRUE,TRUE
98uhpvlfni.jpg,1,TRUE,FALSE,TRUE,TRUE,TRUE
iyu1mzhdce.jpg,1,FALSE,TRUE,TRUE,TRUE,TRUE
hfyk9wvsxa.jpg,1,FALSE,TRUE,TRUE,TRUE,TRUE
jhe6u5mwp2.jpg,2,TRUE,TRUE,TRUE,TRUE,FALSE
h5bx9jv63s.jpg,2,TRUE,TRUE,TRUE,TRUE,FALSE
wx8no1cjyk.jpg,2,TRUE,TRUE,TRUE,FALSE,TRUE
ja9crqih30.jpg,2,TRUE,TRUE,TRUE,FALSE,TRUE
dpz5aoh7k2.jpg,2,TRUE,TRUE,FALSE,TRUE,TRUE
zcjqhoyiun.jpg,2,TRUE,TRUE,FALSE,TRUE,TRUE
6f7kg94lr3.jpg,2,TRUE,FALSE,TRUE,TRUE,TRUE
j6qpndl9ts.jpg,2,TRUE,FALSE,TRUE,TRUE,TRUE
ugbyf48nv9.jpg,2,FALSE,TRUE,TRUE,TRUE,TRUE
1h5kftvwp8.jpg,2,FALSE,TRUE,TRUE,TRUE,TRUE
63xtqlbvyz.jpg,3,TRUE,TRUE,TRUE,TRUE,FALSE
um1hgs7kd2.jpg,3,TRUE,TRUE,TRUE,TRUE,FALSE
3displcbjm.jpg,3,TRUE,TRUE,TRUE,FALSE,TRUE
ibtero3ms6.jpg,3,TRUE,TRUE,TRUE,FALSE,TRUE
96w1lsatxu.jpg,3,TRUE,TRUE,FALSE,TRUE,TRUE
or1wgu27ev.jpg,3,TRUE,TRUE,FALSE,TRUE,TRUE
igj8um9nbf.jpg,3,TRUE,FALSE,TRUE,TRUE,TRUE
uxjqrhm8gi.jpg,3,TRUE,FALSE,TRUE,TRUE,TRUE
kswn13567i.jpg,3,FALSE,TRUE,TRUE,TRUE,TRUE
6dt372ph9b.jpg,3,FALSE,TRUE,TRUE,TRUE,TRUE
ecdlfj85aq.jpg,4,TRUE,TRUE,TRUE,TRUE,FALSE
jmlezkuxg7.jpg,4,TRUE,TRUE,TRUE,TRUE,FALSE
lhgy7afrkz.jpg,4,TRUE,TRUE,TRUE,FALSE,TRUE
s9iq8lnv3h.jpg,4,TRUE,TRUE,TRUE,FALSE,TRUE
j7xdriveow.jpg,4,TRUE,TRUE,FALSE,TRUE,TRUE
oyhrqla1dg.jpg,4,TRUE,TRUE,FALSE,TRUE,TRUE
nr29ga6uws.jpg,4,TRUE,FALSE,TRUE,TRUE,TRUE
4gju5wsr3a.jpg,4,TRUE,FALSE,TRUE,TRUE,TRUE
ivxu4fwkc5.jpg,4,FALSE,TRUE,TRUE,TRUE,TRUE
zbehxidyv0.jpg,4,FALSE,TRUE,TRUE,TRUE,TRUE
mo8gw4rhsx.jpg,5,TRUE,TRUE,TRUE,TRUE,FALSE
ae7udy4p59.jpg,5,TRUE,TRUE,TRUE,TRUE,FALSE
egpvrou3d7.jpg,5,TRUE,TRUE,TRUE,FALSE,TRUE
aqkgo7b3cn.jpg,5,TRUE,TRUE,TRUE,FALSE,TRUE
m8hyiojxws.jpg,5,TRUE,TRUE,FALSE,TRUE,TRUE
f38ismvaw9.jpg,5,TRUE,TRUE,FALSE,TRUE,TRUE
bm2detzing.jpg,5,TRUE,FALSE,TRUE,TRUE,TRUE
i4yt8j7bgl.jpg,5,TRUE,FALSE,TRUE,TRUE,TRUE
nsgd5kwh4x.jpg,5,FALSE,TRUE,TRUE,TRUE,TRUE
n1gapuosf4.jpg,5,FALSE,TRUE,TRUE,TRUE,TRUE
c1h5r96ls8.jpg,6,TRUE,TRUE,TRUE,TRUE,FALSE
y058cohfkg.jpg,6,TRUE,TRUE,TRUE,TRUE,FALSE
5yp3tnqvcd.jpg,6,TRUE,TRUE,TRUE,FALSE,TRUE
xf89pjd62o.jpg,6,TRUE,TRUE,TRUE,FALSE,TRUE
cbinfhqu52.jpg,6,TRUE,TRUE,FALSE,TRUE,TRUE
kzd9l6rsop.jpg,6,TRUE,TRUE,FALSE,TRUE,TRUE
p8vfo5jxhi.jpg,6,TRUE,FALSE,TRUE,TRUE,TRUE
gfhsr02ijw.jpg,6,TRUE,FALSE,TRUE,TRUE,TRUE
oubn0i65fw.jpg,6,FALSE,TRUE,TRUE,TRUE,TRUE
pvf8oy7gm0.jpg,6,FALSE,TRUE,TRUE,TRUE,TRUE
nilxap196t.jpg,7,TRUE,TRUE,TRUE,TRUE,FALSE
q015k3zh6i.jpg,7,TRUE,TRUE,TRUE,TRUE,FALSE
mhjtwade1g.jpg,7,TRUE,TRUE,TRUE,FALSE,TRUE
m5adzh1bni.jpg,7,TRUE,TRUE,TRUE,FALSE,TRUE
odkh4zs8e3.jpg,7,TRUE,TRUE,FALSE,TRUE,TRUE
zhg3nvpq5b.jpg,7,TRUE,TRUE,FALSE,TRUE,TRUE
2sw6jh5c9g.jpg,7,TRUE,FALSE,TRUE,TRUE,TRUE
q64mcxwlge.jpg,7,TRUE,FALSE,TRUE,TRUE,TRUE
gtwmer0l4n.jpg,7,FALSE,TRUE,TRUE,TRUE,TRUE
e5yusoh287.jpg,7,FALSE,TRUE,TRUE,TRUE,TRUE
a2z57xc4jf.jpg,8,TRUE,TRUE,TRUE,TRUE,FALSE
xh8t01rafv.jpg,8,TRUE,TRUE,TRUE,TRUE,FALSE
43q6y7vh2j.jpg,8,TRUE,TRUE,TRUE,FALSE,TRUE
sberz5dlxf.jpg,8,TRUE,TRUE,TRUE,FALSE,TRUE
16p7w48agz.jpg,8,TRUE,TRUE,FALSE,TRUE,TRUE
8si0wlpuk1.jpg,8,TRUE,TRUE,FALSE,TRUE,TRUE
wf2gj6947t.jpg,8,TRUE,FALSE,TRUE,TRUE,TRUE
qgahf5x8mk.jpg,8,TRUE,FALSE,TRUE,TRUE,TRUE
mgn81z9kc3.jpg,8,FALSE,TRUE,TRUE,TRUE,TRUE
5hykev6s9f.jpg,8,FALSE,TRUE,TRUE,TRUE,TRUE
qa1hdxrlu5.jpg,9,TRUE,TRUE,TRUE,TRUE,FALSE
ar38hlz16g.jpg,9,TRUE,TRUE,TRUE,TRUE,FALSE
uqyjgihwp4.jpg,9,TRUE,TRUE,TRUE,FALSE,TRUE
vlzs3ih1yg.jpg,9,TRUE,TRUE,TRUE,FALSE,TRUE
onbzlwsvxg.jpg,9,TRUE,TRUE,FALSE,TRUE,TRUE
bkmc3ufr4d.jpg,9,TRUE,TRUE,FALSE,TRUE,TRUE
8xbjve4m96.jpg,9,TRUE,FALSE,TRUE,TRUE,TRUE
5t0c9zgjni.jpg,9,TRUE,FALSE,TRUE,TRUE,TRUE
l58m62qant.jpg,9,FALSE,TRUE,TRUE,TRUE,TRUE
rgcyuwftmp.jpg,9,FALSE,TRUE,TRUE,TRUE,TRUE
ktx1327qoy.jpg,10,TRUE,TRUE,TRUE,TRUE,FALSE
xc0es58hml.jpg,10,TRUE,TRUE,TRUE,TRUE,FALSE
8b7fj6cqh2.jpg,10,TRUE,TRUE,TRUE,FALSE,TRUE
nkhys6mdgz.jpg,10,TRUE,TRUE,TRUE,FALSE,TRUE
xmlwrj5pq1.jpg,10,TRUE,TRUE,FALSE,TRUE,TRUE
9y5g7hs28o.jpg,10,TRUE,TRUE,FALSE,TRUE,TRUE
p0217wde3i.jpg,10,TRUE,FALSE,TRUE,TRUE,TRUE
ent5160voj.jpg,10,TRUE,FALSE,TRUE,TRUE,TRUE
dnkx23t4l0.jpg,10,FALSE,TRUE,TRUE,TRUE,TRUE
a7e0ohzlr4.jpg,10,FALSE,TRUE,TRUE,TRUE,TRUE
edqpj7lc9w.jpg,11,TRUE,TRUE,TRUE,TRUE,FALSE
t6un7lvw3y.jpg,11,TRUE,TRUE,TRUE,TRUE,FALSE
igs1wo7qkj.jpg,11,TRUE,TRUE,TRUE,FALSE,TRUE
v84esc5hwq.jpg,11,TRUE,TRUE,TRUE,FALSE,TRUE
bgwtk4fx1y.jpg,11,TRUE,TRUE,FALSE,TRUE,TRUE
agj4spqzex.jpg,11,TRUE,TRUE,FALSE,TRUE,TRUE
bj9tr08eoi.jpg,11,TRUE,FALSE,TRUE,TRUE,TRUE
jvz2i3gnt1.jpg,11,TRUE,FALSE,TRUE,TRUE,TRUE
fikgmoh8qe.jpg,11,FALSE,TRUE,TRUE,TRUE,TRUE
bpa2gctuoy.jpg,11,FALSE,TRUE,TRUE,TRUE,TRUE
ch6am7ox8b.jpg,12,TRUE,TRUE,TRUE,TRUE,FALSE
smhd3q9uj7.jpg,12,TRUE,TRUE,TRUE,TRUE,FALSE
4gdkj7sivu.jpg,12,TRUE,TRUE,TRUE,FALSE,TRUE
1y8v9uoerm.jpg,12,TRUE,TRUE,TRUE,FALSE,TRUE
0e1u74idof.jpg,12,TRUE,TRUE,FALSE,TRUE,TRUE
wkq2cxavj0.jpg,12,TRUE,TRUE,FALSE,TRUE,TRUE
43reufjtbk.jpg,12,TRUE,FALSE,TRUE,TRUE,TRUE
6y2g4zn701.jpg,12,TRUE,FALSE,TRUE,TRUE,TRUE
ek04buavnw.jpg,12,FALSE,TRUE,TRUE,TRUE,TRUE
9hpl18m5sv.jpg,12,FALSE,TRUE,TRUE,TRUE,TRUE
7vj8cfwtgz.jpg,13,TRUE,TRUE,TRUE,TRUE,FALSE
9pkz40oquj.jpg,13,TRUE,TRUE,TRUE,TRUE,FALSE
hrc97on1zx.jpg,13,TRUE,TRUE,TRUE,FALSE,TRUE
l4eh56vxm1.jpg,13,TRUE,TRUE,TRUE,FALSE,TRUE
au51dlkvj8.jpg,13,TRUE,TRUE,FALSE,TRUE,TRUE
tg54hnrxdp.jpg,13,TRUE,TRUE,FALSE,TRUE,TRUE
8qxyeg4dmn.jpg,13,TRUE,FALSE,TRUE,TRUE,TRUE
ominlbqhz6.jpg,13,TRUE,FALSE,TRUE,TRUE,TRUE
gx30a61mz2.jpg,13,FALSE,TRUE,TRUE,TRUE,TRUE
utsd5lnm0y.jpg,13,FALSE,TRUE,TRUE,TRUE,TRUE
gh1alfj0np.jpg,14,TRUE,TRUE,TRUE,TRUE,FALSE
uj3hz6dtg9.jpg,14,TRUE,TRUE,TRUE,TRUE,FALSE
g4h79n0pte.jpg,14,TRUE,TRUE,TRUE,FALSE,TRUE
52b4z9ls37.jpg,14,TRUE,TRUE,TRUE,FALSE,TRUE
pb39vfweix.jpg,14,TRUE,TRUE,FALSE,TRUE,TRUE
w27nmkfge3.jpg,14,TRUE,TRUE,FALSE,TRUE,TRUE
nf86kzmo5j.jpg,14,TRUE,FALSE,TRUE,TRUE,TRUE
jdgiuf2atv.jpg,14,TRUE,FALSE,TRUE,TRUE,TRUE
qd1hiyl45j.jpg,14,FALSE,TRUE,TRUE,TRUE,TRUE
u6cfite01s.jpg,14,FALSE,TRUE,TRUE,TRUE,TRUE
o0s1ywk9x5.jpg,15,TRUE,TRUE,TRUE,TRUE,FALSE
glncqif729.jpg,15,TRUE,TRUE,TRUE,TRUE,FALSE
2tnuikdfbp.jpg,15,TRUE,TRUE,TRUE,FALSE,TRUE
1l4enr6axm.jpg,15,TRUE,TRUE,TRUE,FALSE,TRUE
n6btglxu8v.jpg,15,TRUE,TRUE,FALSE,TRUE,TRUE
3jpy6cmnbr.jpg,15,TRUE,TRUE,FALSE,TRUE,TRUE
ruejingktz.jpg,15,TRUE,FALSE,TRUE,TRUE,TRUE
ms8jy9hgi5.jpg,15,TRUE,FALSE,TRUE,TRUE,TRUE
9xtuim10gj.jpg,15,FALSE,TRUE,TRUE,TRUE,TRUE
whaqlx8tuz.jpg,15,FALSE,TRUE,TRUE,TRUE,TRUE
sekagzlnuf.jpg,16,TRUE,TRUE,TRUE,TRUE,FALSE
r81kif79xg.jpg,16,TRUE,TRUE,TRUE,TRUE,FALSE
4i9kj51xro.jpg,16,TRUE,TRUE,TRUE,FALSE,TRUE
14j7cbrunh.jpg,16,TRUE,TRUE,TRUE,FALSE,TRUE
cmxpdeq2y0.jpg,16,TRUE,TRUE,FALSE,TRUE,TRUE
kyj39i1n7r.jpg,16,TRUE,TRUE,FALSE,TRUE,TRUE
hbt1u8cgqi.jpg,16,TRUE,FALSE,TRUE,TRUE,TRUE
eflc59auo1.jpg,16,TRUE,FALSE,TRUE,TRUE,TRUE
gpbcinw462.jpg,16,FALSE,TRUE,TRUE,TRUE,TRUE
pelt745osz.jpg,16,FALSE,TRUE,TRUE,TRUE,TRUE
gbrkmywx7t.jpg,17,TRUE,TRUE,TRUE,TRUE,FALSE
djwx65nypa.jpg,17,TRUE,TRUE,TRUE,TRUE,FALSE
6lcuzxyb7j.jpg,17,TRUE,TRUE,TRUE,FALSE,TRUE
1enqlvtxo6.jpg,17,TRUE,TRUE,TRUE,FALSE,TRUE
ntgosahmjl.jpg,17,TRUE,TRUE,FALSE,TRUE,TRUE
8lgh6tnrmf.jpg,17,TRUE,TRUE,FALSE,TRUE,TRUE
y81b3dms5n.jpg,17,TRUE,FALSE,TRUE,TRUE,TRUE
j1yso54hl7.jpg,17,TRUE,FALSE,TRUE,TRUE,TRUE
n87lkiq301.jpg,17,FALSE,TRUE,TRUE,TRUE,TRUE
4uj97trdgs.jpg,17,FALSE,TRUE,TRUE,TRUE,TRUE
qz563hux0b.jpg,18,TRUE,TRUE,TRUE,TRUE,FALSE
mo27d49lrn.jpg,18,TRUE,TRUE,TRUE,TRUE,FALSE
xs71ci35m6.jpg,18,TRUE,TRUE,TRUE,FALSE,TRUE
ojxnaeclv9.jpg,18,TRUE,TRUE,TRUE,FALSE,TRUE
dupnmqae62.jpg,18,TRUE,TRUE,FALSE,TRUE,TRUE
yg6z4fxb8d.jpg,18,TRUE,TRUE,FALSE,TRUE,TRUE
swa205jyun.jpg,18,TRUE,FALSE,TRUE,TRUE,TRUE
rowl27bhk0.jpg,18,TRUE,FALSE,TRUE,TRUE,TRUE
w045gb1xus.jpg,18,FALSE,TRUE,TRUE,TRUE,TRUE
0kv8j7wohr.jpg,18,FALSE,TRUE,TRUE,TRUE,TRUE
8bsn9wyqhv.jpg,19,TRUE,TRUE,TRUE,TRUE,FALSE
2l3yac8t0h.jpg,19,TRUE,TRUE,TRUE,TRUE,FALSE
wtfimkcv8u.jpg,19,TRUE,TRUE,TRUE,FALSE,TRUE
q8v6mupkbz.jpg,19,TRUE,TRUE,TRUE,FALSE,TRUE
2hydouif75.jpg,19,TRUE,TRUE,FALSE,TRUE,TRUE
xcu6ijgktv.jpg,19,TRUE,TRUE,FALSE,TRUE,TRUE
40j5ksl7om.jpg,19,TRUE,FALSE,TRUE,TRUE,TRUE
r8yq5o2teh.jpg,19,TRUE,FALSE,TRUE,TRUE,TRUE
kwcdlxb4q1.jpg,19,FALSE,TRUE,TRUE,TRUE,TRUE
49knz0j8e1.jpg,19,FALSE,TRUE,TRUE,TRUE,TRUE
1lebnyzs98.jpg,20,TRUE,TRUE,TRUE,TRUE,FALSE
g8oxv0picu.jpg,20,TRUE,TRUE,TRUE,TRUE,FALSE
8uamro2nch.jpg,20,TRUE,TRUE,TRUE,FALSE,TRUE
dzwupx3lsb.jpg,20,TRUE,TRUE,TRUE,FALSE,TRUE
1obsiaeh65.jpg,20,TRUE,TRUE,FALSE,TRUE,TRUE
mngu7kwiat.jpg,20,TRUE,TRUE,FALSE,TRUE,TRUE
7bd5rgnem3.jpg,20,TRUE,FALSE,TRUE,TRUE,TRUE
pokuc62eyf.jpg,20,TRUE,FALSE,TRUE,TRUE,TRUE
duc9o38q67.jpg,20,FALSE,TRUE,TRUE,TRUE,TRUE
frajd51omh.jpg,20,FALSE,TRUE,TRUE,TRUE,TRUE
kut80e51cl.jpg,21,TRUE,TRUE,TRUE,TRUE,FALSE
5epn0r2dtx.jpg,21,TRUE,TRUE,TRUE,TRUE,FALSE
lja6bvp21x.jpg,21,TRUE,TRUE,TRUE,FALSE,TRUE
s3ckja17tw.jpg,21,TRUE,TRUE,TRUE,FALSE,TRUE
a87q3bepnj.jpg,21,TRUE,TRUE,FALSE,TRUE,TRUE
nbmtws1pko.jpg,21,TRUE,TRUE,FALSE,TRUE,TRUE
8r2bdnhsm5.jpg,21,TRUE,FALSE,TRUE,TRUE,TRUE
pxzfdtqso4.jpg,21,TRUE,FALSE,TRUE,TRUE,TRUE
3swmn4zuv0.jpg,21,FALSE,TRUE,TRUE,TRUE,TRUE
6sp0wd7hk3.jpg,21,FALSE,TRUE,TRUE,TRUE,TRUE
s64tl5bnk7.jpg,22,TRUE,TRUE,TRUE,TRUE,FALSE
macyh4zvdb.jpg,22,TRUE,TRUE,TRUE,TRUE,FALSE
oqcu2nfrt3.jpg,22,TRUE,TRUE,TRUE,FALSE,TRUE
t4n0gb5fqd.jpg,22,TRUE,TRUE,TRUE,FALSE,TRUE
n41d2pwqvb.jpg,22,TRUE,TRUE,FALSE,TRUE,TRUE
3dzgvj45fl.jpg,22,TRUE,TRUE,FALSE,TRUE,TRUE
a1pr5fntdq.jpg,22,TRUE,FALSE,TRUE,TRUE,TRUE
or3pey6xi0.jpg,22,TRUE,FALSE,TRUE,TRUE,TRUE
zna1vob5ke.jpg,22,FALSE,TRUE,TRUE,TRUE,TRUE
7pcasxfwe6.jpg,22,FALSE,TRUE,TRUE,TRUE,TRUE
eiomujzwpc.jpg,23,TRUE,TRUE,TRUE,TRUE,FALSE
nmcjeovyh0.jpg,23,TRUE,TRUE,TRUE,TRUE,FALSE
67fmhwzi3n.jpg,23,TRUE,TRUE,TRUE,FALSE,TRUE
10mkbruhvi.jpg,23,TRUE,TRUE,TRUE,FALSE,TRUE
8yqvnu10tf.jpg,23,TRUE,TRUE,FALSE,TRUE,TRUE
zhdp3y8mq0.jpg,23,TRUE,TRUE,FALSE,TRUE,TRUE
403kzd58gw.jpg,23,TRUE,FALSE,TRUE,TRUE,TRUE
vagjs43dwb.jpg,23,TRUE,FALSE,TRUE,TRUE,TRUE
2w89rtl7jd.jpg,23,FALSE,TRUE,TRUE,TRUE,TRUE
53vntake08.jpg,23,FALSE,TRUE,TRUE,TRUE,TRUE
kxlvwfoyq5.jpg,24,TRUE,TRUE,TRUE,TRUE,FALSE
6b8kanr4cw.jpg,24,TRUE,TRUE,TRUE,TRUE,FALSE
whmaysji28.jpg,24,TRUE,TRUE,TRUE,FALSE,TRUE
g0qr15bjsc.jpg,24,TRUE,TRUE,TRUE,FALSE,TRUE
re3fbzd9pg.jpg,24,TRUE,TRUE,FALSE,TRUE,TRUE
eftr73k51n.jpg,24,TRUE,TRUE,FALSE,TRUE,TRUE
o4kcesbh1d.jpg,24,TRUE,FALSE,TRUE,TRUE,TRUE
n5qhsfoke6.jpg,24,TRUE,FALSE,TRUE,TRUE,TRUE
w0jr43t62f.jpg,24,FALSE,TRUE,TRUE,TRUE,TRUE
cvq3kjy812.jpg,24,FALSE,TRUE,TRUE,TRUE,TRUE
gmu5bwcd98.jpg,25,TRUE,TRUE,TRUE,TRUE,FALSE
1r2305vbfi.jpg,25,TRUE,TRUE,TRUE,TRUE,FALSE
4keqwaotvy.jpg,25,TRUE,TRUE,TRUE,FALSE,TRUE
he5gjk6m3p.jpg,25,TRUE,TRUE,TRUE,FALSE,TRUE
bzkli15mp3.jpg,25,TRUE,TRUE,FALSE,TRUE,TRUE
kf680wgzpe.jpg,25,TRUE,TRUE,FALSE,TRUE,TRUE
rtuzqw2ekb.jpg,25,TRUE,FALSE,TRUE,TRUE,TRUE
abn7swh58l.jpg,25,TRUE,FALSE,TRUE,TRUE,TRUE
ukjvo7164e.jpg,25,FALSE,TRUE,TRUE,TRUE,TRUE
xq3klre8yn.jpg,25,FALSE,TRUE,TRUE,TRUE,TRUE
kjo1np6xz2.jpg,26,TRUE,TRUE,TRUE,TRUE,FALSE
c94qdzx2r0.jpg,26,TRUE,TRUE,TRUE,TRUE,FALSE
qy079laemw.jpg,26,TRUE,TRUE,TRUE,FALSE,TRUE
byil0spw34.jpg,26,TRUE,TRUE,TRUE,FALSE,TRUE
zmhtnic29s.jpg,26,TRUE,TRUE,FALSE,TRUE,TRUE
c4dvmbg71f.jpg,26,TRUE,TRUE,FALSE,TRUE,TRUE
nteihj0byr.jpg,26,TRUE,FALSE,TRUE,TRUE,TRUE
6biot3hemn.jpg,26,TRUE,FALSE,TRUE,TRUE,TRUE
7v3tgx4bd5.jpg,26,FALSE,TRUE,TRUE,TRUE,TRUE
y214qicd3x.jpg,26,FALSE,TRUE,TRUE,TRUE,TRUE
rl6ybks15a.jpg,27,TRUE,TRUE,TRUE,TRUE,FALSE
dp0mcb54wo.jpg,27,TRUE,TRUE,TRUE,TRUE,FALSE
ox015ptw9v.jpg,27,TRUE,TRUE,TRUE,FALSE,TRUE
mv48pxaun7.jpg,27,TRUE,TRUE,TRUE,FALSE,TRUE
kgbl0y6c41.jpg,27,TRUE,TRUE,FALSE,TRUE,TRUE
5cdyhl23ps.jpg,27,TRUE,TRUE,FALSE,TRUE,TRUE
4oxyaepql1.jpg,27,TRUE,FALSE,TRUE,TRUE,TRUE
8ju6wbpc97.jpg,27,TRUE,FALSE,TRUE,TRUE,TRUE
27zahs4k9l.jpg,27,FALSE,TRUE,TRUE,TRUE,TRUE
w2v9tap7iz.jpg,27,FALSE,TRUE,TRUE,TRUE,TRUE
9tex4p2aj8.jpg,28,TRUE,TRUE,TRUE,TRUE,FALSE
d12cymg8fo.jpg,28,TRUE,TRUE,TRUE,TRUE,FALSE
p6bfo49zkh.jpg,28,TRUE,TRUE,TRUE,FALSE,TRUE
7dwz1uabrq.jpg,28,TRUE,TRUE,TRUE,FALSE,TRUE
zi1nx5rjwb.jpg,28,TRUE,TRUE,FALSE,TRUE,TRUE
ecakwboqv9.jpg,28,TRUE,TRUE,FALSE,TRUE,TRUE
utayink7ez.jpg,28,TRUE,FALSE,TRUE,TRUE,TRUE
87vbakz9gw.jpg,28,TRUE,FALSE,TRUE,TRUE,TRUE
j05ykuc2ed.jpg,28,FALSE,TRUE,TRUE,TRUE,TRUE
1xlq475kg9.jpg,28,FALSE,TRUE,TRUE,TRUE,TRUE
yl2mo8edt1.jpg,29,TRUE,TRUE,TRUE,TRUE,FALSE
rs0h2nfg7o.jpg,29,TRUE,TRUE,TRUE,TRUE,FALSE
wsgdbiz3ku.jpg,29,TRUE,TRUE,TRUE,FALSE,TRUE
9saepkyoud.jpg,29,TRUE,TRUE,TRUE,FALSE,TRUE
9p7hk5js3m.jpg,29,TRUE,TRUE,FALSE,TRUE,TRUE
z1inxcdtpv.jpg,29,TRUE,TRUE,FALSE,TRUE,TRUE
57ws9uc8oz.jpg,29,TRUE,FALSE,TRUE,TRUE,TRUE
rekq6fbugl.jpg,29,TRUE,FALSE,TRUE,TRUE,TRUE
grlqzhnyok.jpg,29,FALSE,TRUE,TRUE,TRUE,TRUE
m3vsygqwbh.jpg,29,FALSE,TRUE,TRUE,TRUE,TRUE
sfpl27c5ug.jpg,30,TRUE,TRUE,TRUE,TRUE,FALSE
od8j3pyxl6.jpg,30,TRUE,TRUE,TRUE,TRUE,FALSE
k4usoziyq3.jpg,30,TRUE,TRUE,TRUE,FALSE,TRUE
sopc278369.jpg,30,TRUE,TRUE,TRUE,FALSE,TRUE
zxa49ovwe3.jpg,30,TRUE,TRUE,FALSE,TRUE,TRUE
0vq9ct7mg1.jpg,30,TRUE,TRUE,FALSE,TRUE,TRUE
5qh0iegw38.jpg,30,TRUE,FALSE,TRUE,TRUE,TRUE
psl082idhm.jpg,30,TRUE,FALSE,TRUE,TRUE,TRUE
xstdcqruzm.jpg,30,FALSE,TRUE,TRUE,TRUE,TRUE
fcailxtgyh.jpg,30,FALSE,TRUE,TRUE,TRUE,TRUE
264zmpgj5h.jpg,31,TRUE,TRUE,TRUE,TRUE,FALSE
nur7dmye49.jpg,31,TRUE,TRUE,TRUE,TRUE,FALSE
2s03zy8k5x.jpg,31,TRUE,TRUE,TRUE,FALSE,TRUE
su4akigqpr.jpg,31,TRUE,TRUE,TRUE,FALSE,TRUE
hprzm6g2l4.jpg,31,TRUE,TRUE,FALSE,TRUE,TRUE
1alfpuo7wx.jpg,31,TRUE,TRUE,FALSE,TRUE,TRUE
cr9m2pteoy.jpg,31,TRUE,FALSE,TRUE,TRUE,TRUE
d7qktgcmp0.jpg,31,TRUE,FALSE,TRUE,TRUE,TRUE
c9s8mk7qb1.jpg,31,FALSE,TRUE,TRUE,TRUE,TRUE
uswt82c3f7.jpg,31,FALSE,TRUE,TRUE,TRUE,TRUE
kqx3vzt0d1.jpg,32,TRUE,TRUE,TRUE,TRUE,FALSE
e24wptzk3g.jpg,32,TRUE,TRUE,TRUE,TRUE,FALSE
d86mo41piu.jpg,32,TRUE,TRUE,TRUE,FALSE,TRUE
hn7yg9elbj.jpg,32,TRUE,TRUE,TRUE,FALSE,TRUE
1dyz2gk7br.jpg,32,TRUE,TRUE,FALSE,TRUE,TRUE
0li9wram6f.jpg,32,TRUE,TRUE,FALSE,TRUE,TRUE
e10ftm364s.jpg,32,TRUE,FALSE,TRUE,TRUE,TRUE
jyqmzv45nb.jpg,32,TRUE,FALSE,TRUE,TRUE,TRUE
72isl14kn9.jpg,32,FALSE,TRUE,TRUE,TRUE,TRUE
rtuza85pdn.jpg,32,FALSE,TRUE,TRUE,TRUE,TRUE
nfbtawq1ol.jpg,33,TRUE,TRUE,TRUE,TRUE,FALSE
qplfwcjk5s.jpg,33,TRUE,TRUE,TRUE,TRUE,FALSE
d4jbnrxowm.jpg,33,TRUE,TRUE,TRUE,FALSE,TRUE
5h27wke0v6.jpg,33,TRUE,TRUE,TRUE,FALSE,TRUE
m0yqtdbjgv.jpg,33,TRUE,TRUE,FALSE,TRUE,TRUE
s2zpq4ijhw.jpg,33,TRUE,TRUE,FALSE,TRUE,TRUE
uin30jloy8.jpg,33,TRUE,FALSE,TRUE,TRUE,TRUE
2eths8c9vn.jpg,33,TRUE,FALSE,TRUE,TRUE,TRUE
m0e3nis9vp.jpg,33,FALSE,TRUE,TRUE,TRUE,TRUE
fwihzlqe7b.jpg,33,FALSE,TRUE,TRUE,TRUE,TRUE
x3cvawts9r.jpg,34,TRUE,TRUE,TRUE,TRUE,FALSE
l4x3916bvg.jpg,34,TRUE,TRUE,TRUE,TRUE,FALSE
oatgn21muv.jpg,34,TRUE,TRUE,TRUE,FALSE,TRUE
mv6bwf7rj9.jpg,34,TRUE,TRUE,TRUE,FALSE,TRUE
0yfkw35h1m.jpg,34,TRUE,TRUE,FALSE,TRUE,TRUE
4d0xa5yg38.jpg,34,TRUE,TRUE,FALSE,TRUE,TRUE
rzp8oct4hl.jpg,34,TRUE,FALSE,TRUE,TRUE,TRUE
n9qfsec5mb.jpg,34,TRUE,FALSE,TRUE,TRUE,TRUE
pqexflu046.jpg,34,FALSE,TRUE,TRUE,TRUE,TRUE
n6x5ezfiu3.jpg,34,FALSE,TRUE,TRUE,TRUE,TRUE
qjem058p2r.jpg,35,TRUE,TRUE,TRUE,TRUE,FALSE
9gdj4pk5t2.jpg,35,TRUE,TRUE,TRUE,TRUE,FALSE
8mp2y0n5gf.jpg,35,TRUE,TRUE,TRUE,FALSE,TRUE
v6nrahw5xf.jpg,35,TRUE,TRUE,TRUE,FALSE,TRUE
ixgph4yve8.jpg,35,TRUE,TRUE,FALSE,TRUE,TRUE
zjf9rqgxu0.jpg,35,TRUE,TRUE,FALSE,TRUE,TRUE
arqzi9ojyu.jpg,35,TRUE,FALSE,TRUE,TRUE,TRUE
jt0sfa4wz8.jpg,35,TRUE,FALSE,TRUE,TRUE,TRUE
fxkjmy27s1.jpg,35,FALSE,TRUE,TRUE,TRUE,TRUE
ztm78n2l6g.jpg,35,FALSE,TRUE,TRUE,TRUE,TRUE
0kdx4m6jav.jpg,36,TRUE,TRUE,TRUE,TRUE,FALSE
m67ainphvk.jpg,36,TRUE,TRUE,TRUE,TRUE,FALSE
8m0rwzjbht.jpg,36,TRUE,TRUE,TRUE,FALSE,TRUE
qnwsrv7xbj.jpg,36,TRUE,TRUE,TRUE,FALSE,TRUE
pd368gxnhf.jpg,36,TRUE,TRUE,FALSE,TRUE,TRUE
pnj5gk84yt.jpg,36,TRUE,TRUE,FALSE,TRUE,TRUE
k43o7mg5qj.jpg,36,TRUE,FALSE,TRUE,TRUE,TRUE
keh6g5lasq.jpg,36,TRUE,FALSE,TRUE,TRUE,TRUE
vdsxg6mu2c.jpg,36,FALSE,TRUE,TRUE,TRUE,TRUE
0txhk2rbud.jpg,36,FALSE,TRUE,TRUE,TRUE,TRUE
mev1gotzfy.jpg,37,TRUE,TRUE,TRUE,TRUE,FALSE
tel124nj6s.jpg,37,TRUE,TRUE,TRUE,TRUE,FALSE
2pns8ayv31.jpg,37,TRUE,TRUE,TRUE,FALSE,TRUE
it147s2axc.jpg,37,TRUE,TRUE,TRUE,FALSE,TRUE
dnlfqi2oxu.jpg,37,TRUE,TRUE,FALSE,TRUE,TRUE
5pdmtfbclk.jpg,37,TRUE,TRUE,FALSE,TRUE,TRUE
3kpfvoexgm.jpg,37,TRUE,FALSE,TRUE,TRUE,TRUE
a1mxo96lnr.jpg,37,TRUE,FALSE,TRUE,TRUE,TRUE
3c76hjmz0s.jpg,37,FALSE,TRUE,TRUE,TRUE,TRUE
p3u9d6hnct.jpg,37,FALSE,TRUE,TRUE,TRUE,TRUE
cn7mhqkb39.jpg,38,TRUE,TRUE,TRUE,TRUE,FALSE
op15mqifrx.jpg,38,TRUE,TRUE,TRUE,TRUE,FALSE
ew4it5ofly.jpg,38,TRUE,TRUE,TRUE,FALSE,TRUE
lvk5f426zp.jpg,38,TRUE,TRUE,TRUE,FALSE,TRUE
v907h3oy5m.jpg,38,TRUE,TRUE,FALSE,TRUE,TRUE
gnq2s8olrz.jpg,38,TRUE,TRUE,FALSE,TRUE,TRUE
vfrmch3qp2.jpg,38,TRUE,FALSE,TRUE,TRUE,TRUE
xpwsfu178t.jpg,38,TRUE,FALSE,TRUE,TRUE,TRUE
2ir0kwam6n.jpg,38,FALSE,TRUE,TRUE,TRUE,TRUE
9asthwiouk.jpg,38,FALSE,TRUE,TRUE,TRUE,TRUE
9lm34anut8.jpg,39,TRUE,TRUE,TRUE,TRUE,FALSE
751qgzdves.jpg,39,TRUE,TRUE,TRUE,TRUE,FALSE
cquods1her.jpg,39,TRUE,TRUE,TRUE,FALSE,TRUE
zlpef0vcos.jpg,39,TRUE,TRUE,TRUE,FALSE,TRUE
j3yeqihsmw.jpg,39,TRUE,TRUE,FALSE,TRUE,TRUE
vyd7npghlo.jpg,39,TRUE,TRUE,FALSE,TRUE,TRUE
6wh7ygoqis.jpg,39,TRUE,FALSE,TRUE,TRUE,TRUE
72auvi8oye.jpg,39,TRUE,FALSE,TRUE,TRUE,TRUE
mzvitn8loc.jpg,39,FALSE,TRUE,TRUE,TRUE,TRUE
jdlvzi6w70.jpg,39,FALSE,TRUE,TRUE,TRUE,TRUE
9aczodugf4.jpg,40,TRUE,TRUE,TRUE,TRUE,FALSE
jr4co1upx6.jpg,40,TRUE,TRUE,TRUE,TRUE,FALSE
zmlvxb7ki0.jpg,40,TRUE,TRUE,TRUE,FALSE,TRUE
frvu65iwbj.jpg,40,TRUE,TRUE,TRUE,FALSE,TRUE
kro9c8vm13.jpg,40,TRUE,TRUE,FALSE,TRUE,TRUE
ylacr28jqn.jpg,40,TRUE,TRUE,FALSE,TRUE,TRUE
3762cgkobs.jpg,40,TRUE,FALSE,TRUE,TRUE,TRUE
ma9yv2sjxt.jpg,40,TRUE,FALSE,TRUE,TRUE,TRUE
4xpa0elowt.jpg,40,FALSE,TRUE,TRUE,TRUE,TRUE
brhtju6dwl.jpg,40,FALSE,TRUE,TRUE,TRUE,TRUE
uxp3h518go.jpg,41,TRUE,TRUE,TRUE,TRUE,FALSE
y86keuj5ox.jpg,41,TRUE,TRUE,TRUE,TRUE,FALSE
r4st9vf7lg.jpg,41,TRUE,TRUE,TRUE,FALSE,TRUE
tk7mqp6rl0.jpg,41,TRUE,TRUE,TRUE,FALSE,TRUE
nvrui6zx51.jpg,41,TRUE,TRUE,FALSE,TRUE,TRUE
meu0khftby.jpg,41,TRUE,TRUE,FALSE,TRUE,TRUE
rx9av5y4zw.jpg,41,TRUE,FALSE,TRUE,TRUE,TRUE
n817licgxt.jpg,41,TRUE,FALSE,TRUE,TRUE,TRUE
vu1synr2ld.jpg,41,FALSE,TRUE,TRUE,TRUE,TRUE
084dzytmfe.jpg,41,FALSE,TRUE,TRUE,TRUE,TRUE
styl072zag.jpg,42,TRUE,TRUE,TRUE,TRUE,FALSE
2cihfpdmx3.jpg,42,TRUE,TRUE,TRUE,TRUE,FALSE
pab2fg95dj.jpg,42,TRUE,TRUE,TRUE,FALSE,TRUE
lynqizp3rt.jpg,42,TRUE,TRUE,TRUE,FALSE,TRUE
5qo6s08m94.jpg,42,TRUE,TRUE,FALSE,TRUE,TRUE
egb3lao857.jpg,42,TRUE,TRUE,FALSE,TRUE,TRUE
eo17mysb5a.jpg,42,TRUE,FALSE,TRUE,TRUE,TRUE
5hezj6917n.jpg,42,TRUE,FALSE,TRUE,TRUE,TRUE
j8l7rb6x2d.jpg,42,FALSE,TRUE,TRUE,TRUE,TRUE
9qrse3z2pc.jpg,42,FALSE,TRUE,TRUE,TRUE,TRUE
pmrq7iwv2k.jpg,43,TRUE,TRUE,TRUE,TRUE,FALSE
oj3qmpkhzf.jpg,43,TRUE,TRUE,TRUE,TRUE,FALSE
0tcrqbus31.jpg,43,TRUE,TRUE,TRUE,FALSE,TRUE
g4fmwbo16c.jpg,43,TRUE,TRUE,TRUE,FALSE,TRUE
9cnwe1lij6.jpg,43,TRUE,TRUE,FALSE,TRUE,TRUE
khoba54v1q.jpg,43,TRUE,TRUE,FALSE,TRUE,TRUE
vi7remahxq.jpg,43,TRUE,FALSE,TRUE,TRUE,TRUE
310fyoh8jx.jpg,43,TRUE,FALSE,TRUE,TRUE,TRUE
a7qzs8ct4u.jpg,43,FALSE,TRUE,TRUE,TRUE,TRUE
h36xio2yun.jpg,43,FALSE,TRUE,TRUE,TRUE,TRUE
xch35mq6yf.jpg,44,TRUE,TRUE,TRUE,TRUE,FALSE
82yvo75zqx.jpg,44,TRUE,TRUE,TRUE,TRUE,FALSE
54tsmdypza.jpg,44,TRUE,TRUE,TRUE,FALSE,TRUE
ni1sq4btro.jpg,44,TRUE,TRUE,TRUE,FALSE,TRUE
relcin6j3q.jpg,44,TRUE,TRUE,FALSE,TRUE,TRUE
vcrak19nhq.jpg,44,TRUE,TRUE,FALSE,TRUE,TRUE
rjk1pd2izt.jpg,44,TRUE,FALSE,TRUE,TRUE,TRUE
83labsnow2.jpg,44,TRUE,FALSE,TRUE,TRUE,TRUE
3v4ja9rkuo.jpg,44,FALSE,TRUE,TRUE,TRUE,TRUE
dsm74x9upy.jpg,44,FALSE,TRUE,TRUE,TRUE,TRUE
nurf8e7516.jpg,45,TRUE,TRUE,TRUE,TRUE,FALSE
c5arzvbl9o.jpg,45,TRUE,TRUE,TRUE,TRUE,FALSE
g6dau8wo5z.jpg,45,TRUE,TRUE,TRUE,FALSE,TRUE
w9cspv37qg.jpg,45,TRUE,TRUE,TRUE,FALSE,TRUE
qij1df2b53.jpg,45,TRUE,TRUE,FALSE,TRUE,TRUE
5isz8tmbnc.jpg,45,TRUE,TRUE,FALSE,TRUE,TRUE
ou4cftbxn8.jpg,45,TRUE,FALSE,TRUE,TRUE,TRUE
ixz2fmh8bw.jpg,45,TRUE,FALSE,TRUE,TRUE,TRUE
9ysu1fcodk.jpg,45,FALSE,TRUE,TRUE,TRUE,TRUE
gjno8qrtpk.jpg,45,FALSE,TRUE,TRUE,TRUE,TRUE
l0xoj3eqzt.jpg,46,TRUE,TRUE,TRUE,TRUE,FALSE
x839okpsr2.jpg,46,TRUE,TRUE,TRUE,TRUE,FALSE
lqjo87mrhb.jpg,46,TRUE,TRUE,TRUE,FALSE,TRUE
iknats6ufx.jpg,46,TRUE,TRUE,TRUE,FALSE,TRUE
3rshz5gvja.jpg,46,TRUE,TRUE,FALSE,TRUE,TRUE
gcwujzvh28.jpg,46,TRUE,TRUE,FALSE,TRUE,TRUE
pm3d4c1qhn.jpg,46,TRUE,FALSE,TRUE,TRUE,TRUE
qc48w9znxk.jpg,46,TRUE,FALSE,TRUE,TRUE,TRUE
b6nd7w49yu.jpg,46,FALSE,TRUE,TRUE,TRUE,TRUE
ivtnzhrdlu.jpg,46,FALSE,TRUE,TRUE,TRUE,TRUE
1moguienbk.jpg,47,TRUE,TRUE,TRUE,TRUE,FALSE
ka73bvsgw4.jpg,47,TRUE,TRUE,TRUE,TRUE,FALSE
6co70z981h.jpg,47,TRUE,TRUE,TRUE,FALSE,TRUE
qtb85i3wfx.jpg,47,TRUE,TRUE,TRUE,FALSE,TRUE
dmnkrj3wsy.jpg,47,TRUE,TRUE,FALSE,TRUE,TRUE
h2qk0uiwxf.jpg,47,TRUE,TRUE,FALSE,TRUE,TRUE
lv21x7bruh.jpg,47,TRUE,FALSE,TRUE,TRUE,TRUE
nmphylx1id.jpg,47,TRUE,FALSE,TRUE,TRUE,TRUE
p78ksv2rdf.jpg,47,FALSE,TRUE,TRUE,TRUE,TRUE
40pzc6lty3.jpg,47,FALSE,TRUE,TRUE,TRUE,TRUE
y72lj3tbc5.jpg,48,TRUE,TRUE,TRUE,TRUE,FALSE
5dmrv1yecq.jpg,48,TRUE,TRUE,TRUE,TRUE,FALSE
y1p5g8hsq6.jpg,48,TRUE,TRUE,TRUE,FALSE,TRUE
o1unmk6lqh.jpg,48,TRUE,TRUE,TRUE,FALSE,TRUE
6ckta9lzo7.jpg,48,TRUE,TRUE,FALSE,TRUE,TRUE
crbfd3hi0o.jpg,48,TRUE,TRUE,FALSE,TRUE,TRUE
8apt9hu4rs.jpg,48,TRUE,FALSE,TRUE,TRUE,TRUE
p8u5ric2ht.jpg,48,TRUE,FALSE,TRUE,TRUE,TRUE
ge18s4wp56.jpg,48,FALSE,TRUE,TRUE,TRUE,TRUE
w1kuy2fi6o.jpg,48,FALSE,TRUE,TRUE,TRUE,TRUE
u9s8e1m4z0.jpg,49,TRUE,TRUE,TRUE,TRUE,FALSE
46xw80hkz1.jpg,49,TRUE,TRUE,TRUE,TRUE,FALSE
510lwubih8.jpg,49,TRUE,TRUE,TRUE,FALSE,TRUE
lnscbdo90j.jpg,49,TRUE,TRUE,TRUE,FALSE,TRUE
o6tahpz3nb.jpg,49,TRUE,TRUE,FALSE,TRUE,TRUE
eto5s6pck3.jpg,49,TRUE,TRUE,FALSE,TRUE,TRUE
hfe7rqdu52.jpg,49,TRUE,FALSE,TRUE,TRUE,TRUE
qm30pdhwvr.jpg,49,TRUE,FALSE,TRUE,TRUE,TRUE
02sx9ijfd6.jpg,49,FALSE,TRUE,TRUE,TRUE,TRUE
xsw9qv0oy5.jpg,49,FALSE,TRUE,TRUE,TRUE,TRUE
f68z915x40.jpg,50,TRUE,TRUE,TRUE,TRUE,FALSE
sf3y7lnarm.jpg,50,TRUE,TRUE,TRUE,TRUE,FALSE
sq4jl1xibn.jpg,50,TRUE,TRUE,TRUE,FALSE,TRUE
lb6875n0f1.jpg,50,TRUE,TRUE,TRUE,FALSE,TRUE
lqr413wijh.jpg,50,TRUE,TRUE,FALSE,TRUE,TRUE
d2xcprsjmq.jpg,50,TRUE,TRUE,FALSE,TRUE,TRUE
widmh6usgb.jpg,50,TRUE,FALSE,TRUE,TRUE,TRUE
efwqhkrutj.jpg,50,TRUE,FALSE,TRUE,TRUE,TRUE
xvu7ysbajn.jpg,50,FALSE,TRUE,TRUE,TRUE,TRUE
5tebim3lx2.jpg,50,FALSE,TRUE,TRUE,TRUE,TRUE
vmxw570c8t.jpg,51,TRUE,TRUE,TRUE,TRUE,FALSE
4vd5cjpnm2.jpg,51,TRUE,TRUE,TRUE,TRUE,FALSE
es6thuqfb3.jpg,51,TRUE,TRUE,TRUE,FALSE,TRUE
u7lfe2nsim.jpg,51,TRUE,TRUE,TRUE,FALSE,TRUE
1dx8hjnbgf.jpg,51,TRUE,TRUE,FALSE,TRUE,TRUE
mh8voqnc2i.jpg,51,TRUE,TRUE,FALSE,TRUE,TRUE
49mgbl6kjf.jpg,51,TRUE,FALSE,TRUE,TRUE,TRUE
eznm5d8y2k.jpg,51,TRUE,FALSE,TRUE,TRUE,TRUE
gu39d8ealw.jpg,51,FALSE,TRUE,TRUE,TRUE,TRUE
0s8dp7i69a.jpg,51,FALSE,TRUE,TRUE,TRUE,TRUE
umdhk3iab4.jpg,52,TRUE,TRUE,TRUE,TRUE,FALSE
ekrsxihf6w.jpg,52,TRUE,TRUE,TRUE,TRUE,FALSE
7kl2efju0z.jpg,52,TRUE,TRUE,TRUE,FALSE,TRUE
91vtr5q8yw.jpg,52,TRUE,TRUE,TRUE,FALSE,TRUE
jzskmofc6p.jpg,52,TRUE,TRUE,FALSE,TRUE,TRUE
7omu1phtfw.jpg,52,TRUE,TRUE,FALSE,TRUE,TRUE
vojkqzr2i5.jpg,52,TRUE,FALSE,TRUE,TRUE,TRUE
xe5f8blhdq.jpg,52,TRUE,FALSE,TRUE,TRUE,TRUE
ntz4yoiq0b.jpg,52,FALSE,TRUE,TRUE,TRUE,TRUE
ldkg08m549.jpg,52,FALSE,TRUE,TRUE,TRUE,TRUE
itb01ryodm.jpg,53,TRUE,TRUE,TRUE,TRUE,FALSE
bwzex3s1nh.jpg,53,TRUE,TRUE,TRUE,TRUE,FALSE
4hef09wsd1.jpg,53,TRUE,TRUE,TRUE,FALSE,TRUE
72k0v5cjox.jpg,53,TRUE,TRUE,TRUE,FALSE,TRUE
7acoxuz95y.jpg,53,TRUE,TRUE,FALSE,TRUE,TRUE
gl1iujwoc3.jpg,53,TRUE,TRUE,FALSE,TRUE,TRUE
5zalsobc97.jpg,53,TRUE,FALSE,TRUE,TRUE,TRUE
uhqz65x7ia.jpg,53,TRUE,FALSE,TRUE,TRUE,TRUE
zft9e6qnu0.jpg,53,FALSE,TRUE,TRUE,TRUE,TRUE
tq5gae4sb3.jpg,53,FALSE,TRUE,TRUE,TRUE,TRUE
12ish7g0zt.jpg,54,TRUE,TRUE,TRUE,TRUE,FALSE
32fzagoneb.jpg,54,TRUE,TRUE,TRUE,TRUE,FALSE
u8si09zra5.jpg,54,TRUE,TRUE,TRUE,FALSE,TRUE
szedxk2m39.jpg,54,TRUE,TRUE,TRUE,FALSE,TRUE
3imr5hlfp6.jpg,54,TRUE,TRUE,FALSE,TRUE,TRUE
typ2q9sw0b.jpg,54,TRUE,TRUE,FALSE,TRUE,TRUE
tfxsw93hp0.jpg,54,TRUE,FALSE,TRUE,TRUE,TRUE
g8f2c0m4lk.jpg,54,TRUE,FALSE,TRUE,TRUE,TRUE
yrucdahpm5.jpg,54,FALSE,TRUE,TRUE,TRUE,TRUE
sz01dmrnew.jpg,54,FALSE,TRUE,TRUE,TRUE,TRUE
pov7d2may6.jpg,55,TRUE,TRUE,TRUE,TRUE,FALSE
vocu0iw7hm.jpg,55,TRUE,TRUE,TRUE,TRUE,FALSE
zy9m06bhgl.jpg,55,TRUE,TRUE,TRUE,FALSE,TRUE
by0ok4fxzl.jpg,55,TRUE,TRUE,TRUE,FALSE,TRUE
c9l7ifzox6.jpg,55,TRUE,TRUE,FALSE,TRUE,TRUE
gbr8o6p2zs.jpg,55,TRUE,TRUE,FALSE,TRUE,TRUE
qdrlfpt8gn.jpg,55,TRUE,FALSE,TRUE,TRUE,TRUE
1hm8ijb0vk.jpg,55,TRUE,FALSE,TRUE,TRUE,TRUE
zdy20axn9i.jpg,55,FALSE,TRUE,TRUE,TRUE,TRUE
remdslgt0u.jpg,55,FALSE,TRUE,TRUE,TRUE,TRUE
vltg65hypb.jpg,56,TRUE,TRUE,TRUE,TRUE,FALSE
24exlyszi1.jpg,56,TRUE,TRUE,TRUE,TRUE,FALSE
m0hakzd8ub.jpg,56,TRUE,TRUE,TRUE,FALSE,TRUE
0a7yscrh49.jpg,56,TRUE,TRUE,TRUE,FALSE,TRUE
fot93imz1j.jpg,56,TRUE,TRUE,FALSE,TRUE,TRUE
2j8bxnh640.jpg,56,TRUE,TRUE,FALSE,TRUE,TRUE
x6ijkeatn8.jpg,56,TRUE,FALSE,TRUE,TRUE,TRUE
ghk6ds48ma.jpg,56,TRUE,FALSE,TRUE,TRUE,TRUE
i723kbzohc.jpg,56,FALSE,TRUE,TRUE,TRUE,TRUE
n1iaerlzt0.jpg,56,FALSE,TRUE,TRUE,TRUE,TRUE
k2q6us3z17.jpg,57,TRUE,TRUE,TRUE,TRUE,FALSE
yscl65wze4.jpg,57,TRUE,TRUE,TRUE,TRUE,FALSE
sguq8n5mr4.jpg,57,TRUE,TRUE,TRUE,FALSE,TRUE
vnk0aqg3w8.jpg,57,TRUE,TRUE,TRUE,FALSE,TRUE
gtzbudeivx.jpg,57,TRUE,TRUE,FALSE,TRUE,TRUE
ydb9vfk8oe.jpg,57,TRUE,TRUE,FALSE,TRUE,TRUE
sk3rb1in7f.jpg,57,TRUE,FALSE,TRUE,TRUE,TRUE
t26js3x1oe.jpg,57,TRUE,FALSE,TRUE,TRUE,TRUE
i4txfn51vc.jpg,57,FALSE,TRUE,TRUE,TRUE,TRUE
1ic9ys5fem.jpg,57,FALSE,TRUE,TRUE,TRUE,TRUE
h64sxmupyk.jpg,58,TRUE,TRUE,TRUE,TRUE,FALSE
b68loqufk1.jpg,58,TRUE,TRUE,TRUE,TRUE,FALSE
9lcrqfjb5h.jpg,58,TRUE,TRUE,TRUE,FALSE,TRUE
d1bups6jy7.jpg,58,TRUE,TRUE,TRUE,FALSE,TRUE
73ye0lkw1g.jpg,58,TRUE,TRUE,FALSE,TRUE,TRUE
dqy7p98r6b.jpg,58,TRUE,TRUE,FALSE,TRUE,TRUE
k9rleh1oqd.jpg,58,TRUE,FALSE,TRUE,TRUE,TRUE
oa8phfck0g.jpg,58,TRUE,FALSE,TRUE,TRUE,TRUE
clesxni0qj.jpg,58,FALSE,TRUE,TRUE,TRUE,TRUE
9stfkuldec.jpg,58,FALSE,TRUE,TRUE,TRUE,TRUE
ekocst68zm.jpg,59,TRUE,TRUE,TRUE,TRUE,FALSE
bx8g51rnfw.jpg,59,TRUE,TRUE,TRUE,TRUE,FALSE
qbuavtldoj.jpg,59,TRUE,TRUE,TRUE,FALSE,TRUE
1ky6uhg4n2.jpg,59,TRUE,TRUE,TRUE,FALSE,TRUE
216ulqy9je.jpg,59,TRUE,TRUE,FALSE,TRUE,TRUE
mfj71ris36.jpg,59,TRUE,TRUE,FALSE,TRUE,TRUE
fskpgzn3qj.jpg,59,TRUE,FALSE,TRUE,TRUE,TRUE
clhk6o2nxz.jpg,59,TRUE,FALSE,TRUE,TRUE,TRUE
l741euagmb.jpg,59,FALSE,TRUE,TRUE,TRUE,TRUE
obn54jw0vr.jpg,59,FALSE,TRUE,TRUE,TRUE,TRUE
latpdcu6qk.jpg,60,TRUE,TRUE,TRUE,TRUE,FALSE
qdcpk1wolf.jpg,60,TRUE,TRUE,TRUE,TRUE,FALSE
u31c6lixon.jpg,60,TRUE,TRUE,TRUE,FALSE,TRUE
6ub9qf1jwn.jpg,60,TRUE,TRUE,TRUE,FALSE,TRUE
9lym4ikfud.jpg,60,TRUE,TRUE,FALSE,TRUE,TRUE
y0u1iwft7r.jpg,60,TRUE,TRUE,FALSE,TRUE,TRUE
jzq15rcxbe.jpg,60,TRUE,FALSE,TRUE,TRUE,TRUE
5gonudyvb1.jpg,60,TRUE,FALSE,TRUE,TRUE,TRUE
ym2kqgnl90.jpg,60,FALSE,TRUE,TRUE,TRUE,TRUE
0tzkesu7vh.jpg,60,FALSE,TRUE,TRUE,TRUE,TRUE
jbkt70iyov.jpg,61,TRUE,TRUE,TRUE,TRUE,FALSE
k7amfgqp65.jpg,61,TRUE,TRUE,TRUE,TRUE,FALSE
g86p97ro3x.jpg,61,TRUE,TRUE,TRUE,FALSE,TRUE
4py986qfen.jpg,61,TRUE,TRUE,TRUE,FALSE,TRUE
1c3ou9kyvl.jpg,61,TRUE,TRUE,FALSE,TRUE,TRUE
52wz6ckjah.jpg,61,TRUE,TRUE,FALSE,TRUE,TRUE
bgndar2653.jpg,61,TRUE,FALSE,TRUE,TRUE,TRUE
e7vqtr3fw4.jpg,61,TRUE,FALSE,TRUE,TRUE,TRUE
0dwec2hx45.jpg,61,FALSE,TRUE,TRUE,TRUE,TRUE
9qr3y8t7b4.jpg,61,FALSE,TRUE,TRUE,TRUE,TRUE
ghzbrw3oek.jpg,62,TRUE,TRUE,TRUE,TRUE,FALSE
0ja1dvs6gf.jpg,62,TRUE,TRUE,TRUE,TRUE,FALSE
472c1db59e.jpg,62,TRUE,TRUE,TRUE,FALSE,TRUE
lv91kji7td.jpg,62,TRUE,TRUE,TRUE,FALSE,TRUE
3c2hnxmybs.jpg,62,TRUE,TRUE,FALSE,TRUE,TRUE
qt52lapn4u.jpg,62,TRUE,TRUE,FALSE,TRUE,TRUE
nih2x0zmsk.jpg,62,TRUE,FALSE,TRUE,TRUE,TRUE
s3fb49g0dq.jpg,62,TRUE,FALSE,TRUE,TRUE,TRUE
5342f170wa.jpg,62,FALSE,TRUE,TRUE,TRUE,TRUE
spz1m2eu9i.jpg,62,FALSE,TRUE,TRUE,TRUE,TRUE
y7kmwceang.jpg,63,TRUE,TRUE,TRUE,TRUE,FALSE
6cme1zkb0p.jpg,63,TRUE,TRUE,TRUE,TRUE,FALSE
niag2opwjd.jpg,63,TRUE,TRUE,TRUE,FALSE,TRUE
2lrxn17mv0.jpg,63,TRUE,TRUE,TRUE,FALSE,TRUE
nktm7ac6gu.jpg,63,TRUE,TRUE,FALSE,TRUE,TRUE
p2ojvfrt7q.jpg,63,TRUE,TRUE,FALSE,TRUE,TRUE
vz2n0icqt1.jpg,63,TRUE,FALSE,TRUE,TRUE,TRUE
pi3qt1nwxr.jpg,63,TRUE,FALSE,TRUE,TRUE,TRUE
wys0dev968.jpg,63,FALSE,TRUE,TRUE,TRUE,TRUE
1kt9palgbf.jpg,63,FALSE,TRUE,TRUE,TRUE,TRUE
q02ei3zgws.jpg,64,TRUE,TRUE,TRUE,TRUE,FALSE
4b62xnfwu3.jpg,64,TRUE,TRUE,TRUE,TRUE,FALSE
vyreho95ux.jpg,64,TRUE,TRUE,TRUE,FALSE,TRUE
ex60y4qdzl.jpg,64,TRUE,TRUE,TRUE,FALSE,TRUE
gzfpsk87mn.jpg,64,TRUE,TRUE,FALSE,TRUE,TRUE
19urj54ob7.jpg,64,TRUE,TRUE,FALSE,TRUE,TRUE
i32htf7rua.jpg,64,TRUE,FALSE,TRUE,TRUE,TRUE
wy1jzlasc4.jpg,64,TRUE,FALSE,TRUE,TRUE,TRUE
dzcoxpkt0g.jpg,64,FALSE,TRUE,TRUE,TRUE,TRUE
gce2hnk9p0.jpg,64,FALSE,TRUE,TRUE,TRUE,TRUE
62jfwk8lzv.jpg,65,TRUE,TRUE,TRUE,TRUE,FALSE
lwe3au2t5j.jpg,65,TRUE,TRUE,TRUE,TRUE,FALSE
d2skcf6qj0.jpg,65,TRUE,TRUE,TRUE,FALSE,TRUE
0eac5fkrg6.jpg,65,TRUE,TRUE,TRUE,FALSE,TRUE
8k9mz4ytfb.jpg,65,TRUE,TRUE,FALSE,TRUE,TRUE
wvbs9arnp0.jpg,65,TRUE,TRUE,FALSE,TRUE,TRUE
7zn2ew58ot.jpg,65,TRUE,FALSE,TRUE,TRUE,TRUE
7tnc5jmp2w.jpg,65,TRUE,FALSE,TRUE,TRUE,TRUE
f97e0ia5yq.jpg,65,FALSE,TRUE,TRUE,TRUE,TRUE
1k2foyiqlv.jpg,65,FALSE,TRUE,TRUE,TRUE,TRUE
neqs9dz40c.jpg,66,TRUE,TRUE,TRUE,TRUE,FALSE
3mankqhup7.jpg,66,TRUE,TRUE,TRUE,TRUE,FALSE
87k9b1tnwe.jpg,66,TRUE,TRUE,TRUE,FALSE,TRUE
ti4lrx075p.jpg,66,TRUE,TRUE,TRUE,FALSE,TRUE
7o5kc41zsj.jpg,66,TRUE,TRUE,FALSE,TRUE,TRUE
oalq79x1c2.jpg,66,TRUE,TRUE,FALSE,TRUE,TRUE
8fd0qkbhiv.jpg,66,TRUE,FALSE,TRUE,TRUE,TRUE
2r4pswl6q5.jpg,66,TRUE,FALSE,TRUE,TRUE,TRUE
xf6jtcyv5q.jpg,66,FALSE,TRUE,TRUE,TRUE,TRUE
il84wysd0n.jpg,66,FALSE,TRUE,TRUE,TRUE,TRUE
qb35s68pri.jpg,67,TRUE,TRUE,TRUE,TRUE,FALSE
dkyjte6xbz.jpg,67,TRUE,TRUE,TRUE,TRUE,FALSE
5g1u632jvx.jpg,67,TRUE,TRUE,TRUE,FALSE,TRUE
8hak6n7cfv.jpg,67,TRUE,TRUE,TRUE,FALSE,TRUE
hj3c5f8mkd.jpg,67,TRUE,TRUE,FALSE,TRUE,TRUE
r4fc2pdhzy.jpg,67,TRUE,TRUE,FALSE,TRUE,TRUE
9b65vjus28.jpg,67,TRUE,FALSE,TRUE,TRUE,TRUE
9nkv3mx1py.jpg,67,TRUE,FALSE,TRUE,TRUE,TRUE
7ugpqotjzc.jpg,67,FALSE,TRUE,TRUE,TRUE,TRUE
dhnbmwe83g.jpg,67,FALSE,TRUE,TRUE,TRUE,TRUE
7b8ejfau52.jpg,68,TRUE,TRUE,TRUE,TRUE,FALSE
kzr6538ch9.jpg,68,TRUE,TRUE,TRUE,TRUE,FALSE
526tfqw04s.jpg,68,TRUE,TRUE,TRUE,FALSE,TRUE
5vhtxdopna.jpg,68,TRUE,TRUE,TRUE,FALSE,TRUE
5foaivg7cs.jpg,68,TRUE,TRUE,FALSE,TRUE,TRUE
5kabs4q6m2.jpg,68,TRUE,TRUE,FALSE,TRUE,TRUE
y1ec6d48az.jpg,68,TRUE,FALSE,TRUE,TRUE,TRUE
v9430rfi7h.jpg,68,TRUE,FALSE,TRUE,TRUE,TRUE
2jog39e7u1.jpg,68,FALSE,TRUE,TRUE,TRUE,TRUE
cygwl39k7d.jpg,68,FALSE,TRUE,TRUE,TRUE,TRUE
uiw20z98n5.jpg,69,TRUE,TRUE,TRUE,TRUE,FALSE
up1jt7ioe9.jpg,69,TRUE,TRUE,TRUE,TRUE,FALSE
iqwcxahzbu.jpg,69,TRUE,TRUE,TRUE,FALSE,TRUE
fm0itkjurl.jpg,69,TRUE,TRUE,TRUE,FALSE,TRUE
9e4d025avw.jpg,69,TRUE,TRUE,FALSE,TRUE,TRUE
2yhkn0qgt8.jpg,69,TRUE,TRUE,FALSE,TRUE,TRUE
8borky4jvf.jpg,69,TRUE,FALSE,TRUE,TRUE,TRUE
c8ljawbk2e.jpg,69,TRUE,FALSE,TRUE,TRUE,TRUE
c7gkvlqb0o.jpg,69,FALSE,TRUE,TRUE,TRUE,TRUE
3pe0du57w2.jpg,69,FALSE,TRUE,TRUE,TRUE,TRUE
4y0kp3td78.jpg,70,TRUE,TRUE,TRUE,TRUE,FALSE
f9px3ngvdo.jpg,70,TRUE,TRUE,TRUE,TRUE,FALSE
e81wtuhipc.jpg,70,TRUE,TRUE,TRUE,FALSE,TRUE
qmwsvek132.jpg,70,TRUE,TRUE,TRUE,FALSE,TRUE
jpai2l9hfn.jpg,70,TRUE,TRUE,FALSE,TRUE,TRUE
2xu3jb9w4c.jpg,70,TRUE,TRUE,FALSE,TRUE,TRUE
8j346nlemt.jpg,70,TRUE,FALSE,TRUE,TRUE,TRUE
1vqyj3280z.jpg,70,TRUE,FALSE,TRUE,TRUE,TRUE
2glsqz7bpf.jpg,70,FALSE,TRUE,TRUE,TRUE,TRUE
7tl31zpuyg.jpg,70,FALSE,TRUE,TRUE,TRUE,TRUE
cr1nqm3zx9.jpg,71,TRUE,TRUE,TRUE,TRUE,FALSE
tyo4s5rfwd.jpg,71,TRUE,TRUE,TRUE,TRUE,FALSE
395ogwhz1d.jpg,71,TRUE,TRUE,TRUE,FALSE,TRUE
zgclfw96kh.jpg,71,TRUE,TRUE,TRUE,FALSE,TRUE
shrd4c8pou.jpg,71,TRUE,TRUE,FALSE,TRUE,TRUE
nutdf6w8se.jpg,71,TRUE,TRUE,FALSE,TRUE,TRUE
uldh4w7bqr.jpg,71,TRUE,FALSE,TRUE,TRUE,TRUE
7nk4tehbil.jpg,71,TRUE,FALSE,TRUE,TRUE,TRUE
4qhrtfv1zo.jpg,71,FALSE,TRUE,TRUE,TRUE,TRUE
sf17odkbla.jpg,71,FALSE,TRUE,TRUE,TRUE,TRUE
s7i0ozbqn5.jpg,72,TRUE,TRUE,TRUE,TRUE,FALSE
f9gwqy2o1i.jpg,72,TRUE,TRUE,TRUE,TRUE,FALSE
7gb6pamit8.jpg,72,TRUE,TRUE,TRUE,FALSE,TRUE
7c1elmvr8d.jpg,72,TRUE,TRUE,TRUE,FALSE,TRUE
n827e3axgz.jpg,72,TRUE,TRUE,FALSE,TRUE,TRUE
tjyg0bhe3u.jpg,72,TRUE,TRUE,FALSE,TRUE,TRUE
k2qmgoxs8z.jpg,72,TRUE,FALSE,TRUE,TRUE,TRUE
60sqle9mu2.jpg,72,TRUE,FALSE,TRUE,TRUE,TRUE
2ex1dclf3w.jpg,72,FALSE,TRUE,TRUE,TRUE,TRUE
bu7ik1gj63.jpg,72,FALSE,TRUE,TRUE,TRUE,TRUE
jy4ms58fo3.jpg,73,TRUE,TRUE,TRUE,TRUE,FALSE
v49wfjo02y.jpg,73,TRUE,TRUE,TRUE,TRUE,FALSE
k40l7vaw3p.jpg,73,TRUE,TRUE,TRUE,FALSE,TRUE
dzxflg07yu.jpg,73,TRUE,TRUE,TRUE,FALSE,TRUE
oebtq036w9.jpg,73,TRUE,TRUE,FALSE,TRUE,TRUE
y7m8ebhko9.jpg,73,TRUE,TRUE,FALSE,TRUE,TRUE
c9h2wi3fmu.jpg,73,TRUE,FALSE,TRUE,TRUE,TRUE
spvjet76mi.jpg,73,TRUE,FALSE,TRUE,TRUE,TRUE
x1b6pf3hlv.jpg,73,FALSE,TRUE,TRUE,TRUE,TRUE
fynkvhj7ws.jpg,73,FALSE,TRUE,TRUE,TRUE,TRUE
va0yifgsce.jpg,74,TRUE,TRUE,TRUE,TRUE,FALSE
k8iz6l9wft.jpg,74,TRUE,TRUE,TRUE,TRUE,FALSE
xzeqtv67p3.jpg,74,TRUE,TRUE,TRUE,FALSE,TRUE
t2hz0g5uk7.jpg,74,TRUE,TRUE,TRUE,FALSE,TRUE
xgtycpzmir.jpg,74,TRUE,TRUE,FALSE,TRUE,TRUE
920w4vzxyd.jpg,74,TRUE,TRUE,FALSE,TRUE,TRUE
3qih2j9l46.jpg,74,TRUE,FALSE,TRUE,TRUE,TRUE
g3dm80ihl1.jpg,74,TRUE,FALSE,TRUE,TRUE,TRUE
q5eutxcr6f.jpg,74,FALSE,TRUE,TRUE,TRUE,TRUE
ezb0rh8u9k.jpg,74,FALSE,TRUE,TRUE,TRUE,TRUE
fp1gkw2u93.jpg,75,TRUE,TRUE,TRUE,TRUE,FALSE
j3cyrza9fk.jpg,75,TRUE,TRUE,TRUE,TRUE,FALSE
xg8lt09fsv.jpg,75,TRUE,TRUE,TRUE,FALSE,TRUE
ze0vndq7ia.jpg,75,TRUE,TRUE,TRUE,FALSE,TRUE
hsxm2jv71o.jpg,75,TRUE,TRUE,FALSE,TRUE,TRUE
2cepd1oy7t.jpg,75,TRUE,TRUE,FALSE,TRUE,TRUE
qrpfm623u1.jpg,75,TRUE,FALSE,TRUE,TRUE,TRUE
kgz46toidh.jpg,75,TRUE,FALSE,TRUE,TRUE,TRUE
60c5rme1ts.jpg,75,FALSE,TRUE,TRUE,TRUE,TRUE
rhke51jov6.jpg,75,FALSE,TRUE,TRUE,TRUE,TRUE
7xqltwyu2c.jpg,76,TRUE,TRUE,TRUE,TRUE,FALSE
tpdhqy0mij.jpg,76,TRUE,TRUE,TRUE,TRUE,FALSE
u56orj28pz.jpg,76,TRUE,TRUE,TRUE,FALSE,TRUE
8e12fhwlsu.jpg,76,TRUE,TRUE,TRUE,FALSE,TRUE
uq8ah34ryz.jpg,76,TRUE,TRUE,FALSE,TRUE,TRUE
w03b5ogfxk.jpg,76,TRUE,TRUE,FALSE,TRUE,TRUE
m6pf9vzruy.jpg,76,TRUE,FALSE,TRUE,TRUE,TRUE
m3xu15lg7r.jpg,76,TRUE,FALSE,TRUE,TRUE,TRUE
i2f4x1jw7n.jpg,76,FALSE,TRUE,TRUE,TRUE,TRUE
6yvsjl3tb4.jpg,76,FALSE,TRUE,TRUE,TRUE,TRUE
xq3o5lndtr.jpg,77,TRUE,TRUE,TRUE,TRUE,FALSE
bsj3yf0q5a.jpg,77,TRUE,TRUE,TRUE,TRUE,FALSE
f1o3x6s2n0.jpg,77,TRUE,TRUE,TRUE,FALSE,TRUE
to14qjghyk.jpg,77,TRUE,TRUE,TRUE,FALSE,TRUE
1czdhke8jq.jpg,77,TRUE,TRUE,FALSE,TRUE,TRUE
si9z74bct1.jpg,77,TRUE,TRUE,FALSE,TRUE,TRUE
sghqf82v0z.jpg,77,TRUE,FALSE,TRUE,TRUE,TRUE
f1qxij2g7z.jpg,77,TRUE,FALSE,TRUE,TRUE,TRUE
49n1retqbw.jpg,77,FALSE,TRUE,TRUE,TRUE,TRUE
1vsnjdzkxc.jpg,77,FALSE,TRUE,TRUE,TRUE,TRUE
m60vkta9w2.jpg,78,TRUE,TRUE,TRUE,TRUE,FALSE
fjznri15b4.jpg,78,TRUE,TRUE,TRUE,TRUE,FALSE
9suwm26rgz.jpg,78,TRUE,TRUE,TRUE,FALSE,TRUE
4ib09xpyc6.jpg,78,TRUE,TRUE,TRUE,FALSE,TRUE
2kuvwm3y6a.jpg,78,TRUE,TRUE,FALSE,TRUE,TRUE
l94hpeoksd.jpg,78,TRUE,TRUE,FALSE,TRUE,TRUE
wb14oajt2x.jpg,78,TRUE,FALSE,TRUE,TRUE,TRUE
gtay86v4b1.jpg,78,TRUE,FALSE,TRUE,TRUE,TRUE
fl49dcj60u.jpg,78,FALSE,TRUE,TRUE,TRUE,TRUE
c9qztk7e6n.jpg,78,FALSE,TRUE,TRUE,TRUE,TRUE
4uxdhvbat2.jpg,79,TRUE,TRUE,TRUE,TRUE,FALSE
cxwrq10mal.jpg,79,TRUE,TRUE,TRUE,TRUE,FALSE
2jk58mvldh.jpg,79,TRUE,TRUE,TRUE,FALSE,TRUE
kqob5hm431.jpg,79,TRUE,TRUE,TRUE,FALSE,TRUE
ioh62pzxwt.jpg,79,TRUE,TRUE,FALSE,TRUE,TRUE
57jypxbrq1.jpg,79,TRUE,TRUE,FALSE,TRUE,TRUE
fcqvoh341t.jpg,79,TRUE,FALSE,TRUE,TRUE,TRUE
iu06o91mjx.jpg,79,TRUE,FALSE,TRUE,TRUE,TRUE
acyjhobxmg.jpg,79,FALSE,TRUE,TRUE,TRUE,TRUE
6c2xkabuny.jpg,79,FALSE,TRUE,TRUE,TRUE,TRUE
dopgjwmk4h.jpg,80,TRUE,TRUE,TRUE,TRUE,FALSE
l85cea10di.jpg,80,TRUE,TRUE,TRUE,TRUE,FALSE
17bz5tgpf8.jpg,80,TRUE,TRUE,TRUE,FALSE,TRUE
l9qgefs8nv.jpg,80,TRUE,TRUE,TRUE,FALSE,TRUE
tb5afsk6lr.jpg,80,TRUE,TRUE,FALSE,TRUE,TRUE
ovd2pftmy5.jpg,80,TRUE,TRUE,FALSE,TRUE,TRUE
j5y6u79ahe.jpg,80,TRUE,FALSE,TRUE,TRUE,TRUE
m8d9vls0z7.jpg,80,TRUE,FALSE,TRUE,TRUE,TRUE
v1wcsaxyu7.jpg,80,FALSE,TRUE,TRUE,TRUE,TRUE
58nv7hgwkp.jpg,80,FALSE,TRUE,TRUE,TRUE,TRUE
hy7i46w2qd.jpg,81,TRUE,TRUE,TRUE,TRUE,FALSE
qtgzdo8u0b.jpg,81,TRUE,TRUE,TRUE,TRUE,FALSE
ycf9onuvgj.jpg,81,TRUE,TRUE,TRUE,FALSE,TRUE
hnj4flyoru.jpg,81,TRUE,TRUE,TRUE,FALSE,TRUE
aqwr8lx4gh.jpg,81,TRUE,TRUE,FALSE,TRUE,TRUE
r3978nexs6.jpg,81,TRUE,TRUE,FALSE,TRUE,TRUE
c4aoxdr01i.jpg,81,TRUE,FALSE,TRUE,TRUE,TRUE
ztw5agxrlk.jpg,81,TRUE,FALSE,TRUE,TRUE,TRUE
jcnek6tpyr.jpg,81,FALSE,TRUE,TRUE,TRUE,TRUE
c1j45xfzn0.jpg,81,FALSE,TRUE,TRUE,TRUE,TRUE
6htcvonw5d.jpg,82,TRUE,TRUE,TRUE,TRUE,FALSE
a78wp9bm56.jpg,82,TRUE,TRUE,TRUE,TRUE,FALSE
ivgqkwmds2.jpg,82,TRUE,TRUE,TRUE,FALSE,TRUE
8tycj6gfzq.jpg,82,TRUE,TRUE,TRUE,FALSE,TRUE
7zxad3oc6n.jpg,82,TRUE,TRUE,FALSE,TRUE,TRUE
2vza9frwle.jpg,82,TRUE,TRUE,FALSE,TRUE,TRUE
ibqj9xecpa.jpg,82,TRUE,FALSE,TRUE,TRUE,TRUE
i9j38pbdaz.jpg,82,TRUE,FALSE,TRUE,TRUE,TRUE
yhpse475u0.jpg,82,FALSE,TRUE,TRUE,TRUE,TRUE
bc1lwy746q.jpg,82,FALSE,TRUE,TRUE,TRUE,TRUE
jgsdx4ofrl.jpg,83,TRUE,TRUE,TRUE,TRUE,FALSE
kua8onbpsi.jpg,83,TRUE,TRUE,TRUE,TRUE,FALSE
vu2xow7gcj.jpg,83,TRUE,TRUE,TRUE,FALSE,TRUE
f2awn5ovbr.jpg,83,TRUE,TRUE,TRUE,FALSE,TRUE
cnk49yz1ui.jpg,83,TRUE,TRUE,FALSE,TRUE,TRUE
8o3rfdetnl.jpg,83,TRUE,TRUE,FALSE,TRUE,TRUE
horgyf4m3q.jpg,83,TRUE,FALSE,TRUE,TRUE,TRUE
8wnz6t14cd.jpg,83,TRUE,FALSE,TRUE,TRUE,TRUE
i256acudp8.jpg,83,FALSE,TRUE,TRUE,TRUE,TRUE
9g5sbqxvj2.jpg,83,FALSE,TRUE,TRUE,TRUE,TRUE
4plyjux7en.jpg,84,TRUE,TRUE,TRUE,TRUE,FALSE
qehkdoxu4j.jpg,84,TRUE,TRUE,TRUE,TRUE,FALSE
ervm2c3sgw.jpg,84,TRUE,TRUE,TRUE,FALSE,TRUE
735gqwclov.jpg,84,TRUE,TRUE,TRUE,FALSE,TRUE
k2xvzyaltn.jpg,84,TRUE,TRUE,FALSE,TRUE,TRUE
mia7bk60oe.jpg,84,TRUE,TRUE,FALSE,TRUE,TRUE
ken0vxd7fp.jpg,84,TRUE,FALSE,TRUE,TRUE,TRUE
slitg053cu.jpg,84,TRUE,FALSE,TRUE,TRUE,TRUE
9n726loid8.jpg,84,FALSE,TRUE,TRUE,TRUE,TRUE
jyugwxl9nq.jpg,84,FALSE,TRUE,TRUE,TRUE,TRUE
6jmp43euya.jpg,85,TRUE,TRUE,TRUE,TRUE,FALSE
pxyaiofhbr.jpg,85,TRUE,TRUE,TRUE,TRUE,FALSE
tmu2wqb6zi.jpg,85,TRUE,TRUE,TRUE,FALSE,TRUE
3vowbsjg06.jpg,85,TRUE,TRUE,TRUE,FALSE,TRUE
isfpa35971.jpg,85,TRUE,TRUE,FALSE,TRUE,TRUE
zyebproc9x.jpg,85,TRUE,TRUE,FALSE,TRUE,TRUE
3vr6axohik.jpg,85,TRUE,FALSE,TRUE,TRUE,TRUE
azrm16swlc.jpg,85,TRUE,FALSE,TRUE,TRUE,TRUE
5bfoe3qsrn.jpg,85,FALSE,TRUE,TRUE,TRUE,TRUE
59z1m4ieht.jpg,85,FALSE,TRUE,TRUE,TRUE,TRUE
04d6xbohpg.jpg,86,TRUE,TRUE,TRUE,TRUE,FALSE
qr4159j2kp.jpg,86,TRUE,TRUE,TRUE,TRUE,FALSE
i70dyc13pu.jpg,86,TRUE,TRUE,TRUE,FALSE,TRUE
kmfgnxc63p.jpg,86,TRUE,TRUE,TRUE,FALSE,TRUE
1ofy7jk3li.jpg,86,TRUE,TRUE,FALSE,TRUE,TRUE
nfd1g3kwy9.jpg,86,TRUE,TRUE,FALSE,TRUE,TRUE
t6d89h3fy2.jpg,86,TRUE,FALSE,TRUE,TRUE,TRUE
w2mx1arjse.jpg,86,TRUE,FALSE,TRUE,TRUE,TRUE
n4tmupzhvr.jpg,86,FALSE,TRUE,TRUE,TRUE,TRUE
b6xcngshzv.jpg,86,FALSE,TRUE,TRUE,TRUE,TRUE
324o5bp1dy.jpg,87,TRUE,TRUE,TRUE,TRUE,FALSE
lq405pergk.jpg,87,TRUE,TRUE,TRUE,TRUE,FALSE
m9q4rd1pn6.jpg,87,TRUE,TRUE,TRUE,FALSE,TRUE
rehgw6125m.jpg,87,TRUE,TRUE,TRUE,FALSE,TRUE
mbf0r6qn1d.jpg,87,TRUE,TRUE,FALSE,TRUE,TRUE
5a6ltko4hd.jpg,87,TRUE,TRUE,FALSE,TRUE,TRUE
kja4qcs2lx.jpg,87,TRUE,FALSE,TRUE,TRUE,TRUE
9gnia4zrl7.jpg,87,TRUE,FALSE,TRUE,TRUE,TRUE
1rcw0xhaz6.jpg,87,FALSE,TRUE,TRUE,TRUE,TRUE
gjfuxspn4z.jpg,87,FALSE,TRUE,TRUE,TRUE,TRUE
0vo6mh4bi5.jpg,88,TRUE,TRUE,TRUE,TRUE,FALSE
2lsfjw0cog.jpg,88,TRUE,TRUE,TRUE,TRUE,FALSE
bvdehskxrq.jpg,88,TRUE,TRUE,TRUE,FALSE,TRUE
mcyk6otvzr.jpg,88,TRUE,TRUE,TRUE,FALSE,TRUE
lc624gq0dx.jpg,88,TRUE,TRUE,FALSE,TRUE,TRUE
dj2ef18ns0.jpg,88,TRUE,TRUE,FALSE,TRUE,TRUE
2bu4kndtxv.jpg,88,TRUE,FALSE,TRUE,TRUE,TRUE
d9wv7s4ogc.jpg,88,TRUE,FALSE,TRUE,TRUE,TRUE
yvju081gd6.jpg,88,FALSE,TRUE,TRUE,TRUE,TRUE
cwhpj7uxv4.jpg,88,FALSE,TRUE,TRUE,TRUE,TRUE
ef1hxjb78k.jpg,89,TRUE,TRUE,TRUE,TRUE,FALSE
ekilyuds31.jpg,89,TRUE,TRUE,TRUE,TRUE,FALSE
qav86olr5y.jpg,89,TRUE,TRUE,TRUE,FALSE,TRUE
9mzbrqly6x.jpg,89,TRUE,TRUE,TRUE,FALSE,TRUE
39y6ns5mcb.jpg,89,TRUE,TRUE,FALSE,TRUE,TRUE
12yhed8ic0.jpg,89,TRUE,TRUE,FALSE,TRUE,TRUE
c4ib03vhu8.jpg,89,TRUE,FALSE,TRUE,TRUE,TRUE
jki3m6h81s.jpg,89,TRUE,FALSE,TRUE,TRUE,TRUE
6w194bklhi.jpg,89,FALSE,TRUE,TRUE,TRUE,TRUE
s0ipxvude7.jpg,89,FALSE,TRUE,TRUE,TRUE,TRUE
vzj09htfuq.jpg,90,TRUE,TRUE,TRUE,TRUE,FALSE
uas572eblf.jpg,90,TRUE,TRUE,TRUE,TRUE,FALSE
yoma90vldf.jpg,90,TRUE,TRUE,TRUE,FALSE,TRUE
cv7q49okdb.jpg,90,TRUE,TRUE,TRUE,FALSE,TRUE
692b4mx71j.jpg,90,TRUE,TRUE,FALSE,TRUE,TRUE
2dhpo9n1g4.jpg,90,TRUE,TRUE,FALSE,TRUE,TRUE
1z4h7la69v.jpg,90,TRUE,FALSE,TRUE,TRUE,TRUE
4rv2foh0yk.jpg,90,TRUE,FALSE,TRUE,TRUE,TRUE
mp13ot2yu0.jpg,90,FALSE,TRUE,TRUE,TRUE,TRUE
2uhcpewqmk.jpg,90,FALSE,TRUE,TRUE,TRUE,TRUE
xklasoh1m2.jpg,91,TRUE,TRUE,TRUE,TRUE,FALSE
nbtu0e4vl5.jpg,91,TRUE,TRUE,TRUE,TRUE,FALSE
6aheo298kp.jpg,91,TRUE,TRUE,TRUE,FALSE,TRUE
wy8srcemjf.jpg,91,TRUE,TRUE,TRUE,FALSE,TRUE
5ur372glko.jpg,91,TRUE,TRUE,FALSE,TRUE,TRUE
z6thvaegw1.jpg,91,TRUE,TRUE,FALSE,TRUE,TRUE
m46b1xciyl.jpg,91,TRUE,FALSE,TRUE,TRUE,TRUE
dxv5zfe7qn.jpg,91,TRUE,FALSE,TRUE,TRUE,TRUE
29nogjzqm4.jpg,91,FALSE,TRUE,TRUE,TRUE,TRUE
2od971bwn0.jpg,91,FALSE,TRUE,TRUE,TRUE,TRUE
cohydrglfv.jpg,92,TRUE,TRUE,TRUE,TRUE,FALSE
nwol3afprm.jpg,92,TRUE,TRUE,TRUE,TRUE,FALSE
fpkuxs2bv7.jpg,92,TRUE,TRUE,TRUE,FALSE,TRUE
4ix1zfn92m.jpg,92,TRUE,TRUE,TRUE,FALSE,TRUE
qe84uklf5n.jpg,92,TRUE,TRUE,FALSE,TRUE,TRUE
jftnhexco3.jpg,92,TRUE,TRUE,FALSE,TRUE,TRUE
pw7cqy341x.jpg,92,TRUE,FALSE,TRUE,TRUE,TRUE
3ra4b0zjon.jpg,92,TRUE,FALSE,TRUE,TRUE,TRUE
nrbxu8qi4w.jpg,92,FALSE,TRUE,TRUE,TRUE,TRUE
ptogv90j7r.jpg,92,FALSE,TRUE,TRUE,TRUE,TRUE
su6va3qtxj.jpg,93,TRUE,TRUE,TRUE,TRUE,FALSE
igw1dypaot.jpg,93,TRUE,TRUE,TRUE,TRUE,FALSE
cfxu2etmd3.jpg,93,TRUE,TRUE,TRUE,FALSE,TRUE
lswqanzie2.jpg,93,TRUE,TRUE,TRUE,FALSE,TRUE
240psvcag7.jpg,93,TRUE,TRUE,FALSE,TRUE,TRUE
m1e3loyzwr.jpg,93,TRUE,TRUE,FALSE,TRUE,TRUE
5pnr8xzcla.jpg,93,TRUE,FALSE,TRUE,TRUE,TRUE
l6p9jer1i7.jpg,93,TRUE,FALSE,TRUE,TRUE,TRUE
8wjtkzyg73.jpg,93,FALSE,TRUE,TRUE,TRUE,TRUE
1gjn5y6bur.jpg,93,FALSE,TRUE,TRUE,TRUE,TRUE
dil4hoyu57.jpg,94,TRUE,TRUE,TRUE,TRUE,FALSE
efqdjakt2b.jpg,94,TRUE,TRUE,TRUE,TRUE,FALSE
oityd6pfcv.jpg,94,TRUE,TRUE,TRUE,FALSE,TRUE
t4nl8x0zgb.jpg,94,TRUE,TRUE,TRUE,FALSE,TRUE
04kxsd2rf9.jpg,94,TRUE,TRUE,FALSE,TRUE,TRUE
xef56huqj2.jpg,94,TRUE,TRUE,FALSE,TRUE,TRUE
35riksogl0.jpg,94,TRUE,FALSE,TRUE,TRUE,TRUE
4ithkjluy7.jpg,94,TRUE,FALSE,TRUE,TRUE,TRUE
9fciv6nbap.jpg,94,FALSE,TRUE,TRUE,TRUE,TRUE
kf3brigts5.jpg,94,FALSE,TRUE,TRUE,TRUE,TRUE
2nye78pot5.jpg,95,TRUE,TRUE,TRUE,TRUE,FALSE
7s51m4vpr3.jpg,95,TRUE,TRUE,TRUE,TRUE,FALSE
0clzd3aqyg.jpg,95,TRUE,TRUE,TRUE,FALSE,TRUE
rfzog9yhw4.jpg,95,TRUE,TRUE,TRUE,FALSE,TRUE
inb5jgscot.jpg,95,TRUE,TRUE,FALSE,TRUE,TRUE
mdhys6ipbw.jpg,95,TRUE,TRUE,FALSE,TRUE,TRUE
z521b46897.jpg,95,TRUE,FALSE,TRUE,TRUE,TRUE
ckjfi4d2xe.jpg,95,TRUE,FALSE,TRUE,TRUE,TRUE
7e2gpbayzn.jpg,95,FALSE,TRUE,TRUE,TRUE,TRUE
mx39h60qvj.jpg,95,FALSE,TRUE,TRUE,TRUE,TRUE
nwklmyu2g7.jpg,96,TRUE,TRUE,TRUE,TRUE,FALSE
u06tnmlfqg.jpg,96,TRUE,TRUE,TRUE,TRUE,FALSE
u2owhad6c1.jpg,96,TRUE,TRUE,TRUE,FALSE,TRUE
dun86e9x2s.jpg,96,TRUE,TRUE,TRUE,FALSE,TRUE
atfmueqpwg.jpg,96,TRUE,TRUE,FALSE,TRUE,TRUE
o8ztux7lbq.jpg,96,TRUE,TRUE,FALSE,TRUE,TRUE
43zli5mu1h.jpg,96,TRUE,FALSE,TRUE,TRUE,TRUE
ym97fnuxpk.jpg,96,TRUE,FALSE,TRUE,TRUE,TRUE
b6e3fr42op.jpg,96,FALSE,TRUE,TRUE,TRUE,TRUE
f6qwen3jub.jpg,96,FALSE,TRUE,TRUE,TRUE,TRUE
8ne7jmo9u4.jpg,97,TRUE,TRUE,TRUE,TRUE,FALSE
g4qtx1rf5b.jpg,97,TRUE,TRUE,TRUE,TRUE,FALSE
goyhzv1pmb.jpg,97,TRUE,TRUE,TRUE,FALSE,TRUE
br1mxvs4wy.jpg,97,TRUE,TRUE,TRUE,FALSE,TRUE
bw5xm8o7y0.jpg,97,TRUE,TRUE,FALSE,TRUE,TRUE
6sq4gjcyiz.jpg,97,TRUE,TRUE,FALSE,TRUE,TRUE
y7hvrlko0e.jpg,97,TRUE,FALSE,TRUE,TRUE,TRUE
vqhco1fin2.jpg,97,TRUE,FALSE,TRUE,TRUE,TRUE
zia9kyuohd.jpg,97,FALSE,TRUE,TRUE,TRUE,TRUE
qlzsimc2y0.jpg,97,FALSE,TRUE,TRUE,TRUE,TRUE
k9iwdoh8xz.jpg,98,TRUE,TRUE,TRUE,TRUE,FALSE
0znihwd17c.jpg,98,TRUE,TRUE,TRUE,TRUE,FALSE
u9rkgts3ma.jpg,98,TRUE,TRUE,TRUE,FALSE,TRUE
6g5sm1idlk.jpg,98,TRUE,TRUE,TRUE,FALSE,TRUE
64oj0qtw91.jpg,98,TRUE,TRUE,FALSE,TRUE,TRUE
t5a8kuoil6.jpg,98,TRUE,TRUE,FALSE,TRUE,TRUE
av576ciy24.jpg,98,TRUE,FALSE,TRUE,TRUE,TRUE
z6hurl15nd.jpg,98,TRUE,FALSE,TRUE,TRUE,TRUE
71qxlzfrd4.jpg,98,FALSE,TRUE,TRUE,TRUE,TRUE
rosyj7vptc.jpg,98,FALSE,TRUE,TRUE,TRUE,TRUE
krsw3eit9v.jpg,99,TRUE,TRUE,TRUE,TRUE,FALSE
8dnk5j62qc.jpg,99,TRUE,TRUE,TRUE,TRUE,FALSE
ot5afdej6n.jpg,99,TRUE,TRUE,TRUE,FALSE,TRUE
8lcp4yodei.jpg,99,TRUE,TRUE,TRUE,FALSE,TRUE
hatm23fb94.jpg,99,TRUE,TRUE,FALSE,TRUE,TRUE
c3jnp4tzwg.jpg,99,TRUE,TRUE,FALSE,TRUE,TRUE
3xk1wopr6s.jpg,99,TRUE,FALSE,TRUE,TRUE,TRUE
79rhbl31xe.jpg,99,TRUE,FALSE,TRUE,TRUE,TRUE
av37tm40xq.jpg,99,FALSE,TRUE,TRUE,TRUE,TRUE
u3fel5a8xw.jpg,99,FALSE,TRUE,TRUE,TRUE,TRUE
mw8dlo7yfj.jpg,100,TRUE,TRUE,TRUE,TRUE,FALSE
kx7trgw62n.jpg,100,TRUE,TRUE,TRUE,TRUE,FALSE
iux4rvhce7.jpg,100,TRUE,TRUE,TRUE,FALSE,TRUE
kwdxvj6cs3.jpg,100,TRUE,TRUE,TRUE,FALSE,TRUE
ckmr1ivqot.jpg,100,TRUE,TRUE,FALSE,TRUE,TRUE
vg6mpcyhri.jpg,100,TRUE,TRUE,FALSE,TRUE,TRUE
vjo6xacp3t.jpg,100,TRUE,FALSE,TRUE,TRUE,TRUE
dt172rusfy.jpg,100,TRUE,FALSE,TRUE,TRUE,TRUE
gu1wyodfr4.jpg,100,FALSE,TRUE,TRUE,TRUE,TRUE
ze5vlg1f0u.jpg,100,FALSE,TRUE,TRUE,TRUE,TRUE
ctv3fjpqmh.jpg,101,TRUE,TRUE,TRUE,TRUE,FALSE
s4woh3xlgc.jpg,101,TRUE,TRUE,TRUE,TRUE,FALSE
bwvq2jyt6k.jpg,101,TRUE,TRUE,TRUE,FALSE,TRUE
o8tbq3exvn.jpg,101,TRUE,TRUE,TRUE,FALSE,TRUE
fsrk4cpo31.jpg,101,TRUE,TRUE,FALSE,TRUE,TRUE
o8hybcvenp.jpg,101,TRUE,TRUE,FALSE,TRUE,TRUE
2cna7gw95u.jpg,101,TRUE,FALSE,TRUE,TRUE,TRUE
9op25q8awv.jpg,101,TRUE,FALSE,TRUE,TRUE,TRUE
ay1ojmncef.jpg,101,FALSE,TRUE,TRUE,TRUE,TRUE
z394wdmu0n.jpg,101,FALSE,TRUE,TRUE,TRUE,TRUE
2hy0a68iq4.jpg,102,TRUE,TRUE,TRUE,TRUE,FALSE
s381z6kge2.jpg,102,TRUE,TRUE,TRUE,TRUE,FALSE
96qs4uianl.jpg,102,TRUE,TRUE,TRUE,FALSE,TRUE
gezkvuy0o1.jpg,102,TRUE,TRUE,TRUE,FALSE,TRUE
9dejskrapn.jpg,102,TRUE,TRUE,FALSE,TRUE,TRUE
f2ctg7am8n.jpg,102,TRUE,TRUE,FALSE,TRUE,TRUE
az0b2vf84i.jpg,102,TRUE,FALSE,TRUE,TRUE,TRUE
wg36obamye.jpg,102,TRUE,FALSE,TRUE,TRUE,TRUE
3w02s5jpnz.jpg,102,FALSE,TRUE,TRUE,TRUE,TRUE
26pul9rjdn.jpg,102,FALSE,TRUE,TRUE,TRUE,TRUE
zh69avu24k.jpg,103,TRUE,TRUE,TRUE,TRUE,FALSE
ra2bd56zu7.jpg,103,TRUE,TRUE,TRUE,TRUE,FALSE
5ras3dqig7.jpg,103,TRUE,TRUE,TRUE,FALSE,TRUE
p9nsitlfzk.jpg,103,TRUE,TRUE,TRUE,FALSE,TRUE
7bwyo82k53.jpg,103,TRUE,TRUE,FALSE,TRUE,TRUE
lsnqtz64w0.jpg,103,TRUE,TRUE,FALSE,TRUE,TRUE
lrey6wj253.jpg,103,TRUE,FALSE,TRUE,TRUE,TRUE
fvqerd4c0l.jpg,103,TRUE,FALSE,TRUE,TRUE,TRUE
05tdemvcqx.jpg,103,FALSE,TRUE,TRUE,TRUE,TRUE
tl3kcrdvof.jpg,103,FALSE,TRUE,TRUE,TRUE,TRUE
2mrz7of1j9.jpg,104,TRUE,TRUE,TRUE,TRUE,FALSE
qvarj98tx2.jpg,104,TRUE,TRUE,TRUE,TRUE,FALSE
v1i6u2hadq.jpg,104,TRUE,TRUE,TRUE,FALSE,TRUE
nx6dy9t4lo.jpg,104,TRUE,TRUE,TRUE,FALSE,TRUE
l9m8t251hi.jpg,104,TRUE,TRUE,FALSE,TRUE,TRUE
elkqvdsnz9.jpg,104,TRUE,TRUE,FALSE,TRUE,TRUE
4x2mwfs13l.jpg,104,TRUE,FALSE,TRUE,TRUE,TRUE
3hd6c94285.jpg,104,TRUE,FALSE,TRUE,TRUE,TRUE
ezf548thpk.jpg,104,FALSE,TRUE,TRUE,TRUE,TRUE
co3k4jhsyx.jpg,104,FALSE,TRUE,TRUE,TRUE,TRUE
02a91mzn84.jpg,105,TRUE,TRUE,TRUE,TRUE,FALSE
02nehv1tf6.jpg,105,TRUE,TRUE,TRUE,TRUE,FALSE
y1ihq6ufs8.jpg,105,TRUE,TRUE,TRUE,FALSE,TRUE
ucbqs9j51z.jpg,105,TRUE,TRUE,TRUE,FALSE,TRUE
1bysp7e9xv.jpg,105,TRUE,TRUE,FALSE,TRUE,TRUE
c2a4j8yp50.jpg,105,TRUE,TRUE,FALSE,TRUE,TRUE
pd8uai5f4o.jpg,105,TRUE,FALSE,TRUE,TRUE,TRUE
yx16p50lhw.jpg,105,TRUE,FALSE,TRUE,TRUE,TRUE
swnvlfekd1.jpg,105,FALSE,TRUE,TRUE,TRUE,TRUE
4yw0hedpko.jpg,105,FALSE,TRUE,TRUE,TRUE,TRUE
530kf2v8c4.jpg,106,TRUE,TRUE,TRUE,TRUE,FALSE
v0xtd49gr5.jpg,106,TRUE,TRUE,TRUE,TRUE,FALSE
2qyjkac5xr.jpg,106,TRUE,TRUE,TRUE,FALSE,TRUE
o7h8rtaqdi.jpg,106,TRUE,TRUE,TRUE,FALSE,TRUE
uwg12c3vdj.jpg,106,TRUE,TRUE,FALSE,TRUE,TRUE
ma4lhxk2oj.jpg,106,TRUE,TRUE,FALSE,TRUE,TRUE
70p3db6mnt.jpg,106,TRUE,FALSE,TRUE,TRUE,TRUE
v9qn60s7ay.jpg,106,TRUE,FALSE,TRUE,TRUE,TRUE
hcmxv6lowe.jpg,106,FALSE,TRUE,TRUE,TRUE,TRUE
dfix4s68k1.jpg,106,FALSE,TRUE,TRUE,TRUE,TRUE
lkqajngu4m.jpg,107,TRUE,TRUE,TRUE,TRUE,FALSE
e25ibj48wz.jpg,107,TRUE,TRUE,TRUE,TRUE,FALSE
9cmg8zjqw0.jpg,107,TRUE,TRUE,TRUE,FALSE,TRUE
iwgz72d4tn.jpg,107,TRUE,TRUE,TRUE,FALSE,TRUE
nzq72tp01f.jpg,107,TRUE,TRUE,FALSE,TRUE,TRUE
du5yvhek2g.jpg,107,TRUE,TRUE,FALSE,TRUE,TRUE
ib2srkuzn7.jpg,107,TRUE,FALSE,TRUE,TRUE,TRUE
68xm0fo9kp.jpg,107,TRUE,FALSE,TRUE,TRUE,TRUE
2dqv43cn1u.jpg,107,FALSE,TRUE,TRUE,TRUE,TRUE
aq82wxf7e5.jpg,107,FALSE,TRUE,TRUE,TRUE,TRUE
rnlsbkvag1.jpg,108,TRUE,TRUE,TRUE,TRUE,FALSE
3i0nf1mx24.jpg,108,TRUE,TRUE,TRUE,TRUE,FALSE
kctujgf0e4.jpg,108,TRUE,TRUE,TRUE,FALSE,TRUE
3oif52dw14.jpg,108,TRUE,TRUE,TRUE,FALSE,TRUE
ebguj8d9of.jpg,108,TRUE,TRUE,FALSE,TRUE,TRUE
l82nfm3rga.jpg,108,TRUE,TRUE,FALSE,TRUE,TRUE
a475z3it0c.jpg,108,TRUE,FALSE,TRUE,TRUE,TRUE
pcwxgk572u.jpg,108,TRUE,FALSE,TRUE,TRUE,TRUE
4sxf95pqkl.jpg,108,FALSE,TRUE,TRUE,TRUE,TRUE
3bowep7uy5.jpg,108,FALSE,TRUE,TRUE,TRUE,TRUE
3yqn097hfv.jpg,109,TRUE,TRUE,TRUE,TRUE,FALSE
73dfup40bj.jpg,109,TRUE,TRUE,TRUE,TRUE,FALSE
2m87ikb03x.jpg,109,TRUE,TRUE,TRUE,FALSE,TRUE
wzanx7hd4i.jpg,109,TRUE,TRUE,TRUE,FALSE,TRUE
4ejuz2nlfg.jpg,109,TRUE,TRUE,FALSE,TRUE,TRUE
zbnmre40c5.jpg,109,TRUE,TRUE,FALSE,TRUE,TRUE
2nfdbv5gz3.jpg,109,TRUE,FALSE,TRUE,TRUE,TRUE
ucm9b4d8gq.jpg,109,TRUE,FALSE,TRUE,TRUE,TRUE
8l27yrkwqm.jpg,109,FALSE,TRUE,TRUE,TRUE,TRUE
gauokjep8f.jpg,109,FALSE,TRUE,TRUE,TRUE,TRUE
wkt6svud0h.jpg,110,TRUE,TRUE,TRUE,TRUE,FALSE
h2k8573apr.jpg,110,TRUE,TRUE,TRUE,TRUE,FALSE
wmqf94xscb.jpg,110,TRUE,TRUE,TRUE,FALSE,TRUE
5a7l69buyk.jpg,110,TRUE,TRUE,TRUE,FALSE,TRUE
u2j1svhxpg.jpg,110,TRUE,TRUE,FALSE,TRUE,TRUE
pzbt8xajw9.jpg,110,TRUE,TRUE,FALSE,TRUE,TRUE
713yghkidx.jpg,110,TRUE,FALSE,TRUE,TRUE,TRUE
0evyz4ogbj.jpg,110,TRUE,FALSE,TRUE,TRUE,TRUE
u3hv47ixz8.jpg,110,FALSE,TRUE,TRUE,TRUE,TRUE
heqoycvwp0.jpg,110,FALSE,TRUE,TRUE,TRUE,TRUE
kmurz63s1l.jpg,111,TRUE,TRUE,TRUE,TRUE,FALSE
vrtw98cbgk.jpg,111,TRUE,TRUE,TRUE,TRUE,FALSE
e9jhyfd1l3.jpg,111,TRUE,TRUE,TRUE,FALSE,TRUE
oxztv89e4c.jpg,111,TRUE,TRUE,TRUE,FALSE,TRUE
dcvb9tfwa3.jpg,111,TRUE,TRUE,FALSE,TRUE,TRUE
4pxuzcvnje.jpg,111,TRUE,TRUE,FALSE,TRUE,TRUE
ektm9fqixw.jpg,111,TRUE,FALSE,TRUE,TRUE,TRUE
rmaksvl078.jpg,111,TRUE,FALSE,TRUE,TRUE,TRUE
x986rinb1z.jpg,111,FALSE,TRUE,TRUE,TRUE,TRUE
8096orcwb7.jpg,111,FALSE,TRUE,TRUE,TRUE,TRUE
o31e5sqdfy.jpg,112,TRUE,TRUE,TRUE,TRUE,FALSE
mo235tuzhr.jpg,112,TRUE,TRUE,TRUE,TRUE,FALSE
f2ery9c57l.jpg,112,TRUE,TRUE,TRUE,FALSE,TRUE
7atixbyj3o.jpg,112,TRUE,TRUE,TRUE,FALSE,TRUE
wkfo51b628.jpg,112,TRUE,TRUE,FALSE,TRUE,TRUE
hv9m5j20cr.jpg,112,TRUE,TRUE,FALSE,TRUE,TRUE
4m2oytns0q.jpg,112,TRUE,FALSE,TRUE,TRUE,TRUE
37ljg2i5vw.jpg,112,TRUE,FALSE,TRUE,TRUE,TRUE
rmf6ha1wqz.jpg,112,FALSE,TRUE,TRUE,TRUE,TRUE
6e1cyhrjaz.jpg,112,FALSE,TRUE,TRUE,TRUE,TRUE
fmlduinej5.jpg,113,TRUE,TRUE,TRUE,TRUE,FALSE
8pjkqhw6rg.jpg,113,TRUE,TRUE,TRUE,TRUE,FALSE
7fmec18ds6.jpg,113,TRUE,TRUE,TRUE,FALSE,TRUE
5ct0bsjr67.jpg,113,TRUE,TRUE,TRUE,FALSE,TRUE
l1yvdh5qc2.jpg,113,TRUE,TRUE,FALSE,TRUE,TRUE
5thplixr6q.jpg,113,TRUE,TRUE,FALSE,TRUE,TRUE
ph1j5dkq42.jpg,113,TRUE,FALSE,TRUE,TRUE,TRUE
zf9yqcuhxa.jpg,113,TRUE,FALSE,TRUE,TRUE,TRUE
c70rjnpzv2.jpg,113,FALSE,TRUE,TRUE,TRUE,TRUE
y31pqcahlu.jpg,113,FALSE,TRUE,TRUE,TRUE,TRUE
0jfd1cxlmv.jpg,114,TRUE,TRUE,TRUE,TRUE,FALSE
yfj4ov675x.jpg,114,TRUE,TRUE,TRUE,TRUE,FALSE
dxu71sivlo.jpg,114,TRUE,TRUE,TRUE,FALSE,TRUE
tsd8mp3g69.jpg,114,TRUE,TRUE,TRUE,FALSE,TRUE
sbohn3zl6v.jpg,114,TRUE,TRUE,FALSE,TRUE,TRUE
xuphae4cgf.jpg,114,TRUE,TRUE,FALSE,TRUE,TRUE
uav73jnzq8.jpg,114,TRUE,FALSE,TRUE,TRUE,TRUE
s0laghobxe.jpg,114,TRUE,FALSE,TRUE,TRUE,TRUE
zxl7y9shwv.jpg,114,FALSE,TRUE,TRUE,TRUE,TRUE
vl1428dwke.jpg,114,FALSE,TRUE,TRUE,TRUE,TRUE
g28oe73f14.jpg,115,TRUE,TRUE,TRUE,TRUE,FALSE
5thdogiaum.jpg,115,TRUE,TRUE,TRUE,TRUE,FALSE
lu4oanz2yh.jpg,115,TRUE,TRUE,TRUE,FALSE,TRUE
i9fnxrg170.jpg,115,TRUE,TRUE,TRUE,FALSE,TRUE
c0p1uheoa2.jpg,115,TRUE,TRUE,FALSE,TRUE,TRUE
6r7m8ku9es.jpg,115,TRUE,TRUE,FALSE,TRUE,TRUE
hanwjkuvzi.jpg,115,TRUE,FALSE,TRUE,TRUE,TRUE
dmjfravkqo.jpg,115,TRUE,FALSE,TRUE,TRUE,TRUE
le15pinmv8.jpg,115,FALSE,TRUE,TRUE,TRUE,TRUE
jfdk0nz7u1.jpg,115,FALSE,TRUE,TRUE,TRUE,TRUE
ce7bt2hqgw.jpg,116,TRUE,TRUE,TRUE,TRUE,FALSE
hpyzt8gdwo.jpg,116,TRUE,TRUE,TRUE,TRUE,FALSE
15tsi03djc.jpg,116,TRUE,TRUE,TRUE,FALSE,TRUE
jzlwcy1b95.jpg,116,TRUE,TRUE,TRUE,FALSE,TRUE
qr61azm5nc.jpg,116,TRUE,TRUE,FALSE,TRUE,TRUE
w0l5a8zv91.jpg,116,TRUE,TRUE,FALSE,TRUE,TRUE
4lmuj1hkqx.jpg,116,TRUE,FALSE,TRUE,TRUE,TRUE
4hwk6nx9sb.jpg,116,TRUE,FALSE,TRUE,TRUE,TRUE
t907cw3qg2.jpg,116,FALSE,TRUE,TRUE,TRUE,TRUE
hakv49umqs.jpg,116,FALSE,TRUE,TRUE,TRUE,TRUE
6qw1su2h0r.jpg,117,TRUE,TRUE,TRUE,TRUE,FALSE
l9d5ecf0n6.jpg,117,TRUE,TRUE,TRUE,TRUE,FALSE
gkm6q8edlf.jpg,117,TRUE,TRUE,TRUE,FALSE,TRUE
q73wjh58o0.jpg,117,TRUE,TRUE,TRUE,FALSE,TRUE
xez46twu13.jpg,117,TRUE,TRUE,FALSE,TRUE,TRUE
ouat2wqhbs.jpg,117,TRUE,TRUE,FALSE,TRUE,TRUE
7yqzgtuf51.jpg,117,TRUE,FALSE,TRUE,TRUE,TRUE
7ch3afwv40.jpg,117,TRUE,FALSE,TRUE,TRUE,TRUE
finhpu42jd.jpg,117,FALSE,TRUE,TRUE,TRUE,TRUE
4vh5ey82nj.jpg,117,FALSE,TRUE,TRUE,TRUE,TRUE
atso23mhix.jpg,118,TRUE,TRUE,TRUE,TRUE,FALSE
n3mawi12t6.jpg,118,TRUE,TRUE,TRUE,TRUE,FALSE
1wgtc42meh.jpg,118,TRUE,TRUE,TRUE,FALSE,TRUE
1ecpbl689n.jpg,118,TRUE,TRUE,TRUE,FALSE,TRUE
h6fqlrj1xv.jpg,118,TRUE,TRUE,FALSE,TRUE,TRUE
7t9vkoc2pz.jpg,118,TRUE,TRUE,FALSE,TRUE,TRUE
c36owaezhg.jpg,118,TRUE,FALSE,TRUE,TRUE,TRUE
bg8wv2hfse.jpg,118,TRUE,FALSE,TRUE,TRUE,TRUE
a9kxm1dvc8.jpg,118,FALSE,TRUE,TRUE,TRUE,TRUE
96s3t71azm.jpg,118,FALSE,TRUE,TRUE,TRUE,TRUE
dawtgnr3jh.jpg,119,TRUE,TRUE,TRUE,TRUE,FALSE
410je2qt56.jpg,119,TRUE,TRUE,TRUE,TRUE,FALSE
yghzv9t4b6.jpg,119,TRUE,TRUE,TRUE,FALSE,TRUE
fuq0re67d2.jpg,119,TRUE,TRUE,TRUE,FALSE,TRUE
q6r8ybzv53.jpg,119,TRUE,TRUE,FALSE,TRUE,TRUE
fa1c0jnh4x.jpg,119,TRUE,TRUE,FALSE,TRUE,TRUE
i4gvt98pmf.jpg,119,TRUE,FALSE,TRUE,TRUE,TRUE
n8wzhtysue.jpg,119,TRUE,FALSE,TRUE,TRUE,TRUE
6o4szjnh19.jpg,119,FALSE,TRUE,TRUE,TRUE,TRUE
dj7ts985m2.jpg,119,FALSE,TRUE,TRUE,TRUE,TRUE
2ln8p7k6o5.jpg,120,TRUE,TRUE,TRUE,TRUE,FALSE
23gwe6jfd5.jpg,120,TRUE,TRUE,TRUE,TRUE,FALSE
xbrkn7sye0.jpg,120,TRUE,TRUE,TRUE,FALSE,TRUE
x12ui7p6z0.jpg,120,TRUE,TRUE,TRUE,FALSE,TRUE
aobskuzt4f.jpg,120,TRUE,TRUE,FALSE,TRUE,TRUE
p6hvrs0ow2.jpg,120,TRUE,TRUE,FALSE,TRUE,TRUE
06uasyi3nt.jpg,120,TRUE,FALSE,TRUE,TRUE,TRUE
572dgxlnbo.jpg,120,TRUE,FALSE,TRUE,TRUE,TRUE
64ayjiou9l.jpg,120,FALSE,TRUE,TRUE,TRUE,TRUE
lm98b5ai6j.jpg,120,FALSE,TRUE,TRUE,TRUE,TRUE
baku276tdm.jpg,121,TRUE,TRUE,TRUE,TRUE,FALSE
ls6kdpgmxr.jpg,121,TRUE,TRUE,TRUE,TRUE,FALSE
r0t2n3qayu.jpg,121,TRUE,TRUE,TRUE,FALSE,TRUE
uj4k7dxra3.jpg,121,TRUE,TRUE,TRUE,FALSE,TRUE
frmp6b1lqu.jpg,121,TRUE,TRUE,FALSE,TRUE,TRUE
vr5pb3684m.jpg,121,TRUE,TRUE,FALSE,TRUE,TRUE
2ulegn7fxp.jpg,121,TRUE,FALSE,TRUE,TRUE,TRUE
a53sohwtln.jpg,121,TRUE,FALSE,TRUE,TRUE,TRUE
fhxet2n8zq.jpg,121,FALSE,TRUE,TRUE,TRUE,TRUE
tsmxauhpkr.jpg,121,FALSE,TRUE,TRUE,TRUE,TRUE
n4f76zgl1k.jpg,122,TRUE,TRUE,TRUE,TRUE,FALSE
vwuz47enho.jpg,122,TRUE,TRUE,TRUE,TRUE,FALSE
zwh3lyv75s.jpg,122,TRUE,TRUE,TRUE,FALSE,TRUE
vwgaj8x36h.jpg,122,TRUE,TRUE,TRUE,FALSE,TRUE
91q3vhg7yb.jpg,122,TRUE,TRUE,FALSE,TRUE,TRUE
dywmsqet2l.jpg,122,TRUE,TRUE,FALSE,TRUE,TRUE
mxb7i031z6.jpg,122,TRUE,FALSE,TRUE,TRUE,TRUE
31yivcarl7.jpg,122,TRUE,FALSE,TRUE,TRUE,TRUE
s487lo05n2.jpg,122,FALSE,TRUE,TRUE,TRUE,TRUE
qk8u6asrhl.jpg,122,FALSE,TRUE,TRUE,TRUE,TRUE
l5xove0ysa.jpg,123,TRUE,TRUE,TRUE,TRUE,FALSE
fzvcrp8qd1.jpg,123,TRUE,TRUE,TRUE,TRUE,FALSE
fzy0gind52.jpg,123,TRUE,TRUE,TRUE,FALSE,TRUE
st1p3di097.jpg,123,TRUE,TRUE,TRUE,FALSE,TRUE
9h257z31pc.jpg,123,TRUE,TRUE,FALSE,TRUE,TRUE
i97lxag30z.jpg,123,TRUE,TRUE,FALSE,TRUE,TRUE
buew46j70c.jpg,123,TRUE,FALSE,TRUE,TRUE,TRUE
hul6wfodyk.jpg,123,TRUE,FALSE,TRUE,TRUE,TRUE
gxbmepi5r0.jpg,123,FALSE,TRUE,TRUE,TRUE,TRUE
qheo2tkz91.jpg,123,FALSE,TRUE,TRUE,TRUE,TRUE
lmwtoh38a9.jpg,124,TRUE,TRUE,TRUE,TRUE,FALSE
ivmdapy6lf.jpg,124,TRUE,TRUE,TRUE,TRUE,FALSE
627prawyjz.jpg,124,TRUE,TRUE,TRUE,FALSE,TRUE
xouyq5lr63.jpg,124,TRUE,TRUE,TRUE,FALSE,TRUE
yjark5bls2.jpg,124,TRUE,TRUE,FALSE,TRUE,TRUE
h2ilu45qn1.jpg,124,TRUE,TRUE,FALSE,TRUE,TRUE
rlansm7g3v.jpg,124,TRUE,FALSE,TRUE,TRUE,TRUE
j3ldu4cvz5.jpg,124,TRUE,FALSE,TRUE,TRUE,TRUE
s7malrd3gf.jpg,124,FALSE,TRUE,TRUE,TRUE,TRUE
dsfrzlhijy.jpg,124,FALSE,TRUE,TRUE,TRUE,TRUE
okls31i9jq.jpg,125,TRUE,TRUE,TRUE,TRUE,FALSE
fdu860m1qp.jpg,125,TRUE,TRUE,TRUE,TRUE,FALSE
n1k08bxqa6.jpg,125,TRUE,TRUE,TRUE,FALSE,TRUE
fb0xpjqrng.jpg,125,TRUE,TRUE,TRUE,FALSE,TRUE
0xgifkj7pc.jpg,125,TRUE,TRUE,FALSE,TRUE,TRUE
iqpg7j4au9.jpg,125,TRUE,TRUE,FALSE,TRUE,TRUE
pbw6l412uc.jpg,125,TRUE,FALSE,TRUE,TRUE,TRUE
5vjfmc0esr.jpg,125,TRUE,FALSE,TRUE,TRUE,TRUE
r7v6o20ypi.jpg,125,FALSE,TRUE,TRUE,TRUE,TRUE
tpm8q6xo1k.jpg,125,FALSE,TRUE,TRUE,TRUE,TRUE
ceqla6dbhk.jpg,126,TRUE,TRUE,TRUE,TRUE,FALSE
4v3cegh9ly.jpg,126,TRUE,TRUE,TRUE,TRUE,FALSE
cmr3f4s8he.jpg,126,TRUE,TRUE,TRUE,FALSE,TRUE
j4n5d1xrsh.jpg,126,TRUE,TRUE,TRUE,FALSE,TRUE
uxbte9iwol.jpg,126,TRUE,TRUE,FALSE,TRUE,TRUE
8cb1ma9rzh.jpg,126,TRUE,TRUE,FALSE,TRUE,TRUE
zycmxdas26.jpg,126,TRUE,FALSE,TRUE,TRUE,TRUE
tb5neawzl6.jpg,126,TRUE,FALSE,TRUE,TRUE,TRUE
1netcyzdol.jpg,126,FALSE,TRUE,TRUE,TRUE,TRUE
is7n8254rh.jpg,126,FALSE,TRUE,TRUE,TRUE,TRUE
u4o2qvys0r.jpg,127,TRUE,TRUE,TRUE,TRUE,FALSE
l0pt1jsci7.jpg,127,TRUE,TRUE,TRUE,TRUE,FALSE
6glfjz3mpv.jpg,127,TRUE,TRUE,TRUE,FALSE,TRUE
aou8vrskcw.jpg,127,TRUE,TRUE,TRUE,FALSE,TRUE
oqhw45pu2s.jpg,127,TRUE,TRUE,FALSE,TRUE,TRUE
lhtjb3x8z7.jpg,127,TRUE,TRUE,FALSE,TRUE,TRUE
hpm9ux7qe3.jpg,127,TRUE,FALSE,TRUE,TRUE,TRUE
9or1twqh06.jpg,127,TRUE,FALSE,TRUE,TRUE,TRUE
vlnqdkwch5.jpg,127,FALSE,TRUE,TRUE,TRUE,TRUE
e5w4tvp82k.jpg,127,FALSE,TRUE,TRUE,TRUE,TRUE
wkrlf1dx5e.jpg,128,TRUE,TRUE,TRUE,TRUE,FALSE
9gp27lioxw.jpg,128,TRUE,TRUE,TRUE,TRUE,FALSE
i4oeb980pu.jpg,128,TRUE,TRUE,TRUE,FALSE,TRUE
r396mgclky.jpg,128,TRUE,TRUE,TRUE,FALSE,TRUE
c6e7pb40ka.jpg,128,TRUE,TRUE,FALSE,TRUE,TRUE
qv9im8taly.jpg,128,TRUE,TRUE,FALSE,TRUE,TRUE
obnsep3qfk.jpg,128,TRUE,FALSE,TRUE,TRUE,TRUE
0ndfk7y2jv.jpg,128,TRUE,FALSE,TRUE,TRUE,TRUE
e5g7qz1ojr.jpg,128,FALSE,TRUE,TRUE,TRUE,TRUE
zax6ufy9tb.jpg,128,FALSE,TRUE,TRUE,TRUE,TRUE
r13hbzgoes.jpg,129,TRUE,TRUE,TRUE,TRUE,FALSE
ocxytn405s.jpg,129,TRUE,TRUE,TRUE,TRUE,FALSE
r2sa7u3gkf.jpg,129,TRUE,TRUE,TRUE,FALSE,TRUE
tla2wv5u9o.jpg,129,TRUE,TRUE,TRUE,FALSE,TRUE
6cflj4txud.jpg,129,TRUE,TRUE,FALSE,TRUE,TRUE
7sjyu98al3.jpg,129,TRUE,TRUE,FALSE,TRUE,TRUE
ik026c5mvx.jpg,129,TRUE,FALSE,TRUE,TRUE,TRUE
4wsvfi82nh.jpg,129,TRUE,FALSE,TRUE,TRUE,TRUE
srye1fa6c8.jpg,129,FALSE,TRUE,TRUE,TRUE,TRUE
a75mgw4n0q.jpg,129,FALSE,TRUE,TRUE,TRUE,TRUE
v8r0iotj7s.jpg,130,TRUE,TRUE,TRUE,TRUE,FALSE
4ef530djqw.jpg,130,TRUE,TRUE,TRUE,TRUE,FALSE
kqalpxg45b.jpg,130,TRUE,TRUE,TRUE,FALSE,TRUE
s4ogrei7cq.jpg,130,TRUE,TRUE,TRUE,FALSE,TRUE
extk6s0w4l.jpg,130,TRUE,TRUE,FALSE,TRUE,TRUE
12ayikhepq.jpg,130,TRUE,TRUE,FALSE,TRUE,TRUE
co70xj3ge8.jpg,130,TRUE,FALSE,TRUE,TRUE,TRUE
zdse9yhx2f.jpg,130,TRUE,FALSE,TRUE,TRUE,TRUE
6il7z1utsm.jpg,130,FALSE,TRUE,TRUE,TRUE,TRUE
cr0hiywvua.jpg,130,FALSE,TRUE,TRUE,TRUE,TRUE
5n7309cy4q.jpg,131,TRUE,TRUE,TRUE,TRUE,FALSE
u624vjlhrm.jpg,131,TRUE,TRUE,TRUE,TRUE,FALSE
aw15o7zhqj.jpg,131,TRUE,TRUE,TRUE,FALSE,TRUE
idntqsry9c.jpg,131,TRUE,TRUE,TRUE,FALSE,TRUE
07uqc9hdnt.jpg,131,TRUE,TRUE,FALSE,TRUE,TRUE
vpy6s32ak1.jpg,131,TRUE,TRUE,FALSE,TRUE,TRUE
x7fuqrtgv8.jpg,131,TRUE,FALSE,TRUE,TRUE,TRUE
dc569pbi73.jpg,131,TRUE,FALSE,TRUE,TRUE,TRUE
sxmynbr274.jpg,131,FALSE,TRUE,TRUE,TRUE,TRUE
mgp6atj4rz.jpg,131,FALSE,TRUE,TRUE,TRUE,TRUE
70wzcgx3fm.jpg,132,TRUE,TRUE,TRUE,TRUE,FALSE
2ke6vdnu95.jpg,132,TRUE,TRUE,TRUE,TRUE,FALSE
7smzybq89e.jpg,132,TRUE,TRUE,TRUE,FALSE,TRUE
q586p7t9hg.jpg,132,TRUE,TRUE,TRUE,FALSE,TRUE
igsdkhy2eu.jpg,132,TRUE,TRUE,FALSE,TRUE,TRUE
g87kq9h0ud.jpg,132,TRUE,TRUE,FALSE,TRUE,TRUE
qcop3gerzl.jpg,132,TRUE,FALSE,TRUE,TRUE,TRUE
5u47pqwagh.jpg,132,TRUE,FALSE,TRUE,TRUE,TRUE
3r8vhx2jmy.jpg,132,FALSE,TRUE,TRUE,TRUE,TRUE
ez3jfhi6w7.jpg,132,FALSE,TRUE,TRUE,TRUE,TRUE
ywet5k4csu.jpg,133,TRUE,TRUE,TRUE,TRUE,FALSE
6jf8nev9ld.jpg,133,TRUE,TRUE,TRUE,TRUE,FALSE
dbjq1zwkay.jpg,133,TRUE,TRUE,TRUE,FALSE,TRUE
f1j8zsmvoh.jpg,133,TRUE,TRUE,TRUE,FALSE,TRUE
8pe64nw3qd.jpg,133,TRUE,TRUE,FALSE,TRUE,TRUE
my5796rjxq.jpg,133,TRUE,TRUE,FALSE,TRUE,TRUE
sicx6lo4eu.jpg,133,TRUE,FALSE,TRUE,TRUE,TRUE
513i7beatq.jpg,133,TRUE,FALSE,TRUE,TRUE,TRUE
xrc93jsy6g.jpg,133,FALSE,TRUE,TRUE,TRUE,TRUE
bvp9dksyqa.jpg,133,FALSE,TRUE,TRUE,TRUE,TRUE
a076wnrgiz.jpg,134,TRUE,TRUE,TRUE,TRUE,FALSE
nhg7c9sxyk.jpg,134,TRUE,TRUE,TRUE,TRUE,FALSE
ilpcnh3m7v.jpg,134,TRUE,TRUE,TRUE,FALSE,TRUE
qpot5x0c46.jpg,134,TRUE,TRUE,TRUE,FALSE,TRUE
2a7qg8pwch.jpg,134,TRUE,TRUE,FALSE,TRUE,TRUE
b1d6yjg2s9.jpg,134,TRUE,TRUE,FALSE,TRUE,TRUE
zgqm6jlpiu.jpg,134,TRUE,FALSE,TRUE,TRUE,TRUE
xg1h2c307a.jpg,134,TRUE,FALSE,TRUE,TRUE,TRUE
umpsk05tzq.jpg,134,FALSE,TRUE,TRUE,TRUE,TRUE
8vbapirnk9.jpg,134,FALSE,TRUE,TRUE,TRUE,TRUE
sbdnl4iv29.jpg,135,TRUE,TRUE,TRUE,TRUE,FALSE
w1s09vhkei.jpg,135,TRUE,TRUE,TRUE,TRUE,FALSE
hza1p7umoe.jpg,135,TRUE,TRUE,TRUE,FALSE,TRUE
qopugd9wb7.jpg,135,TRUE,TRUE,TRUE,FALSE,TRUE
jwbr469soa.jpg,135,TRUE,TRUE,FALSE,TRUE,TRUE
0d9ucgfmy6.jpg,135,TRUE,TRUE,FALSE,TRUE,TRUE
so92rqmze5.jpg,135,TRUE,FALSE,TRUE,TRUE,TRUE
6yrugso0tw.jpg,135,TRUE,FALSE,TRUE,TRUE,TRUE
vpk6t0sno2.jpg,135,FALSE,TRUE,TRUE,TRUE,TRUE
691rdlbpn0.jpg,135,FALSE,TRUE,TRUE,TRUE,TRUE
pwtgi3klaq.jpg,136,TRUE,TRUE,TRUE,TRUE,FALSE
d3vihwky70.jpg,136,TRUE,TRUE,TRUE,TRUE,FALSE
a8cl2j4ge9.jpg,136,TRUE,TRUE,TRUE,FALSE,TRUE
7ehd8z9wmj.jpg,136,TRUE,TRUE,TRUE,FALSE,TRUE
pirkcdqnvw.jpg,136,TRUE,TRUE,FALSE,TRUE,TRUE
nk4710ezbf.jpg,136,TRUE,TRUE,FALSE,TRUE,TRUE
dy75qjoecw.jpg,136,TRUE,FALSE,TRUE,TRUE,TRUE
otdgefa1b3.jpg,136,TRUE,FALSE,TRUE,TRUE,TRUE
83hvr51w6g.jpg,136,FALSE,TRUE,TRUE,TRUE,TRUE
l1m7kny389.jpg,136,FALSE,TRUE,TRUE,TRUE,TRUE
wtfb90cihg.jpg,137,TRUE,TRUE,TRUE,TRUE,FALSE
jokl9ycut7.jpg,137,TRUE,TRUE,TRUE,TRUE,FALSE
fk7d8lg1vw.jpg,137,TRUE,TRUE,TRUE,FALSE,TRUE
71moswf85d.jpg,137,TRUE,TRUE,TRUE,FALSE,TRUE
v3e2mxsay1.jpg,137,TRUE,TRUE,FALSE,TRUE,TRUE
96jk237rpo.jpg,137,TRUE,TRUE,FALSE,TRUE,TRUE
u3zy6qmi85.jpg,137,TRUE,FALSE,TRUE,TRUE,TRUE
4kehfjtrsq.jpg,137,TRUE,FALSE,TRUE,TRUE,TRUE
d42kyl86ae.jpg,137,FALSE,TRUE,TRUE,TRUE,TRUE
l9s2g34zri.jpg,137,FALSE,TRUE,TRUE,TRUE,TRUE
xpuidown25.jpg,138,TRUE,TRUE,TRUE,TRUE,FALSE
786ioag1u5.jpg,138,TRUE,TRUE,TRUE,TRUE,FALSE
d3bflyj6es.jpg,138,TRUE,TRUE,TRUE,FALSE,TRUE
vemngh80tc.jpg,138,TRUE,TRUE,TRUE,FALSE,TRUE
6fgo3dbp7y.jpg,138,TRUE,TRUE,FALSE,TRUE,TRUE
b0zyo46l8j.jpg,138,TRUE,TRUE,FALSE,TRUE,TRUE
gkvefw39ym.jpg,138,TRUE,FALSE,TRUE,TRUE,TRUE
30ajyigdcu.jpg,138,TRUE,FALSE,TRUE,TRUE,TRUE
gntcoebrqa.jpg,138,FALSE,TRUE,TRUE,TRUE,TRUE
zgc2mnh7u1.jpg,138,FALSE,TRUE,TRUE,TRUE,TRUE
vpmsgch3en.jpg,139,TRUE,TRUE,TRUE,TRUE,FALSE
j9lg4o3rsy.jpg,139,TRUE,TRUE,TRUE,TRUE,FALSE
yg38c6ph05.jpg,139,TRUE,TRUE,TRUE,FALSE,TRUE
12skpjbwn6.jpg,139,TRUE,TRUE,TRUE,FALSE,TRUE
2srnlmzx47.jpg,139,TRUE,TRUE,FALSE,TRUE,TRUE
347q2106gk.jpg,139,TRUE,TRUE,FALSE,TRUE,TRUE
lrbvj8c3o7.jpg,139,TRUE,FALSE,TRUE,TRUE,TRUE
f5snyu1k3v.jpg,139,TRUE,FALSE,TRUE,TRUE,TRUE
qpwey27tzi.jpg,139,FALSE,TRUE,TRUE,TRUE,TRUE
fahwlr9cnu.jpg,139,FALSE,TRUE,TRUE,TRUE,TRUE
jws60uqnec.jpg,140,TRUE,TRUE,TRUE,TRUE,FALSE
mryvho0az7.jpg,140,TRUE,TRUE,TRUE,TRUE,FALSE
vkwpygauor.jpg,140,TRUE,TRUE,TRUE,FALSE,TRUE
2e9cqb73xg.jpg,140,TRUE,TRUE,TRUE,FALSE,TRUE
hqme9pb6v2.jpg,140,TRUE,TRUE,FALSE,TRUE,TRUE
alqkcy1gxo.jpg,140,TRUE,TRUE,FALSE,TRUE,TRUE
4nwgzrseim.jpg,140,TRUE,FALSE,TRUE,TRUE,TRUE
vlcxspnq92.jpg,140,TRUE,FALSE,TRUE,TRUE,TRUE
h8m62b9jkl.jpg,140,FALSE,TRUE,TRUE,TRUE,TRUE
m0bc3du956.jpg,140,FALSE,TRUE,TRUE,TRUE,TRUE
wrsndgyjzf.jpg,141,TRUE,TRUE,TRUE,TRUE,FALSE
tjmexq84vh.jpg,141,TRUE,TRUE,TRUE,TRUE,FALSE
bc4szm862v.jpg,141,TRUE,TRUE,TRUE,FALSE,TRUE
ogt8wd0mec.jpg,141,TRUE,TRUE,TRUE,FALSE,TRUE
9yos7ch31n.jpg,141,TRUE,TRUE,FALSE,TRUE,TRUE
7ugfpnqvk3.jpg,141,TRUE,TRUE,FALSE,TRUE,TRUE
lcdv7n1oyk.jpg,141,TRUE,FALSE,TRUE,TRUE,TRUE
0f2wec1id9.jpg,141,TRUE,FALSE,TRUE,TRUE,TRUE
hlja4qfiv3.jpg,141,FALSE,TRUE,TRUE,TRUE,TRUE
ygikt8alvc.jpg,141,FALSE,TRUE,TRUE,TRUE,TRUE
g06y4dovqm.jpg,142,TRUE,TRUE,TRUE,TRUE,FALSE
jg981fqt0k.jpg,142,TRUE,TRUE,TRUE,TRUE,FALSE
o5yftelzc7.jpg,142,TRUE,TRUE,TRUE,FALSE,TRUE
pqkno27xu5.jpg,142,TRUE,TRUE,TRUE,FALSE,TRUE
nazme7v0qu.jpg,142,TRUE,TRUE,FALSE,TRUE,TRUE
8i1afv6cmz.jpg,142,TRUE,TRUE,FALSE,TRUE,TRUE
qgtxp6ywor.jpg,142,TRUE,FALSE,TRUE,TRUE,TRUE
9gdxjkpmfi.jpg,142,TRUE,FALSE,TRUE,TRUE,TRUE
w4qhpn839s.jpg,142,FALSE,TRUE,TRUE,TRUE,TRUE
vrgk0sy3bl.jpg,142,FALSE,TRUE,TRUE,TRUE,TRUE
51ylk2mdfz.jpg,143,TRUE,TRUE,TRUE,TRUE,FALSE
xpcte0n3qm.jpg,143,TRUE,TRUE,TRUE,TRUE,FALSE
y04pfgq65m.jpg,143,TRUE,TRUE,TRUE,FALSE,TRUE
p1z3b6k7h9.jpg,143,TRUE,TRUE,TRUE,FALSE,TRUE
93q4ezcbo6.jpg,143,TRUE,TRUE,FALSE,TRUE,TRUE
cd8eao36q1.jpg,143,TRUE,TRUE,FALSE,TRUE,TRUE
8ekqg1j450.jpg,143,TRUE,FALSE,TRUE,TRUE,TRUE
4bn7zo5sh8.jpg,143,TRUE,FALSE,TRUE,TRUE,TRUE
p2l87i1v9h.jpg,143,FALSE,TRUE,TRUE,TRUE,TRUE
nyhxdvtgru.jpg,143,FALSE,TRUE,TRUE,TRUE,TRUE
3jlcz4rnwp.jpg,144,TRUE,TRUE,TRUE,TRUE,FALSE
v73wolg049.jpg,144,TRUE,TRUE,TRUE,TRUE,FALSE
3lw8i1mpa2.jpg,144,TRUE,TRUE,TRUE,FALSE,TRUE
3bje5my9kh.jpg,144,TRUE,TRUE,TRUE,FALSE,TRUE
0v6mgkl3o2.jpg,144,TRUE,TRUE,FALSE,TRUE,TRUE
bptqgijd5m.jpg,144,TRUE,TRUE,FALSE,TRUE,TRUE
g4xrps8mvw.jpg,144,TRUE,FALSE,TRUE,TRUE,TRUE
tcoefd47n9.jpg,144,TRUE,FALSE,TRUE,TRUE,TRUE
bz0kw2u41q.jpg,144,FALSE,TRUE,TRUE,TRUE,TRUE
oxlestr1k6.jpg,144,FALSE,TRUE,TRUE,TRUE,TRUE
4mnb3ijfgx.jpg,145,TRUE,TRUE,TRUE,TRUE,FALSE
boi7lua65j.jpg,145,TRUE,TRUE,TRUE,TRUE,FALSE
n7hqtjib48.jpg,145,TRUE,TRUE,TRUE,FALSE,TRUE
m9tzlx0rao.jpg,145,TRUE,TRUE,TRUE,FALSE,TRUE
otbhpuf7my.jpg,145,TRUE,TRUE,FALSE,TRUE,TRUE
fu7tazsdly.jpg,145,TRUE,TRUE,FALSE,TRUE,TRUE
dun0grjwb2.jpg,145,TRUE,FALSE,TRUE,TRUE,TRUE
8nz4tmr7kp.jpg,145,TRUE,FALSE,TRUE,TRUE,TRUE
c7m14g6rv2.jpg,145,FALSE,TRUE,TRUE,TRUE,TRUE
qgmoc2a6uk.jpg,145,FALSE,TRUE,TRUE,TRUE,TRUE
tpg2obxjc3.jpg,146,TRUE,TRUE,TRUE,TRUE,FALSE
6hqy7ud4jc.jpg,146,TRUE,TRUE,TRUE,TRUE,FALSE
gj0hdualbf.jpg,146,TRUE,TRUE,TRUE,FALSE,TRUE
pqon0jxdya.jpg,146,TRUE,TRUE,TRUE,FALSE,TRUE
upwylq50zs.jpg,146,TRUE,TRUE,FALSE,TRUE,TRUE
r475gzu3v6.jpg,146,TRUE,TRUE,FALSE,TRUE,TRUE
hia3lf4sjd.jpg,146,TRUE,FALSE,TRUE,TRUE,TRUE
xu18p0nm7z.jpg,146,TRUE,FALSE,TRUE,TRUE,TRUE
zn8jshfrp6.jpg,146,FALSE,TRUE,TRUE,TRUE,TRUE
qlco056prk.jpg,146,FALSE,TRUE,TRUE,TRUE,TRUE
8zw34xh7sm.jpg,147,TRUE,TRUE,TRUE,TRUE,FALSE
7b6xvqj3zp.jpg,147,TRUE,TRUE,TRUE,TRUE,FALSE
xktn8crbf2.jpg,147,TRUE,TRUE,TRUE,FALSE,TRUE
q3r2ofpgek.jpg,147,TRUE,TRUE,TRUE,FALSE,TRUE
19au3ysioc.jpg,147,TRUE,TRUE,FALSE,TRUE,TRUE
43jkmp0i1y.jpg,147,TRUE,TRUE,FALSE,TRUE,TRUE
p453i6wryq.jpg,147,TRUE,FALSE,TRUE,TRUE,TRUE
ca9zmxwgn1.jpg,147,TRUE,FALSE,TRUE,TRUE,TRUE
1q8dk4lsc2.jpg,147,FALSE,TRUE,TRUE,TRUE,TRUE
gtjxz6e5co.jpg,147,FALSE,TRUE,TRUE,TRUE,TRUE
oash2ex70v.jpg,148,TRUE,TRUE,TRUE,TRUE,FALSE
fjadmcgl41.jpg,148,TRUE,TRUE,TRUE,TRUE,FALSE
izedjsquor.jpg,148,TRUE,TRUE,TRUE,FALSE,TRUE
9mibzng6w8.jpg,148,TRUE,TRUE,TRUE,FALSE,TRUE
fn8ue5t4ap.jpg,148,TRUE,TRUE,FALSE,TRUE,TRUE
8p0mzl9den.jpg,148,TRUE,TRUE,FALSE,TRUE,TRUE
1jwyervk87.jpg,148,TRUE,FALSE,TRUE,TRUE,TRUE
n4tce0huv3.jpg,148,TRUE,FALSE,TRUE,TRUE,TRUE
xyqj6vubkn.jpg,148,FALSE,TRUE,TRUE,TRUE,TRUE
gpzbme2adt.jpg,148,FALSE,TRUE,TRUE,TRUE,TRUE
ck6msi4y9l.jpg,149,TRUE,TRUE,TRUE,TRUE,FALSE
gt17uawrl5.jpg,149,TRUE,TRUE,TRUE,TRUE,FALSE
pwq75d2tyc.jpg,149,TRUE,TRUE,TRUE,FALSE,TRUE
4d576busev.jpg,149,TRUE,TRUE,TRUE,FALSE,TRUE
lgwndzjsy0.jpg,149,TRUE,TRUE,FALSE,TRUE,TRUE
mliwhbkn7q.jpg,149,TRUE,TRUE,FALSE,TRUE,TRUE
tn56aeowc1.jpg,149,TRUE,FALSE,TRUE,TRUE,TRUE
c6ahzjivgf.jpg,149,TRUE,FALSE,TRUE,TRUE,TRUE
ujh2qf0lvk.jpg,149,FALSE,TRUE,TRUE,TRUE,TRUE
cjtuf520e9.jpg,149,FALSE,TRUE,TRUE,TRUE,TRUE
r4kt1axpl5.jpg,150,TRUE,TRUE,TRUE,TRUE,FALSE
pxlv3wk45b.jpg,150,TRUE,TRUE,TRUE,TRUE,FALSE
mavnqxw1dc.jpg,150,TRUE,TRUE,TRUE,FALSE,TRUE
udxkj4910m.jpg,150,TRUE,TRUE,TRUE,FALSE,TRUE
l3kd1qnmwh.jpg,150,TRUE,TRUE,FALSE,TRUE,TRUE
g5tf0vy7b4.jpg,150,TRUE,TRUE,FALSE,TRUE,TRUE
t5e3c8injg.jpg,150,TRUE,FALSE,TRUE,TRUE,TRUE
m37z861b4x.jpg,150,TRUE,FALSE,TRUE,TRUE,TRUE
3aegm7bpyk.jpg,150,FALSE,TRUE,TRUE,TRUE,TRUE
zkj614brlh.jpg,150,FALSE,TRUE,TRUE,TRUE,TRUE
7pe9jwq84x.jpg,151,TRUE,TRUE,TRUE,TRUE,FALSE
vkpuhdlmey.jpg,151,TRUE,TRUE,TRUE,TRUE,FALSE
6w1ym9jerf.jpg,151,TRUE,TRUE,TRUE,FALSE,TRUE
2ecmfbq3x9.jpg,151,TRUE,TRUE,TRUE,FALSE,TRUE
vz03waghuq.jpg,151,TRUE,TRUE,FALSE,TRUE,TRUE
hk5tisp1mr.jpg,151,TRUE,TRUE,FALSE,TRUE,TRUE
bif6ayhjm1.jpg,151,TRUE,FALSE,TRUE,TRUE,TRUE
fpcvgs20mw.jpg,151,TRUE,FALSE,TRUE,TRUE,TRUE
h0c6kgzu2b.jpg,151,FALSE,TRUE,TRUE,TRUE,TRUE
58x4ewncgu.jpg,151,FALSE,TRUE,TRUE,TRUE,TRUE
dvyp5lr7zn.jpg,152,TRUE,TRUE,TRUE,TRUE,FALSE
h8fqwtmz93.jpg,152,TRUE,TRUE,TRUE,TRUE,FALSE
qaxhnksec9.jpg,152,TRUE,TRUE,TRUE,FALSE,TRUE
yt6ha5dsop.jpg,152,TRUE,TRUE,TRUE,FALSE,TRUE
m71sa0bgph.jpg,152,TRUE,TRUE,FALSE,TRUE,TRUE
ohbi3v5ng6.jpg,152,TRUE,TRUE,FALSE,TRUE,TRUE
vldgo83jq4.jpg,152,TRUE,FALSE,TRUE,TRUE,TRUE
2lvns5x9zk.jpg,152,TRUE,FALSE,TRUE,TRUE,TRUE
i0pa34tsgm.jpg,152,FALSE,TRUE,TRUE,TRUE,TRUE
h10j36uy92.jpg,152,FALSE,TRUE,TRUE,TRUE,TRUE
osa98i7num.jpg,153,TRUE,TRUE,TRUE,TRUE,FALSE
dovsjhtupi.jpg,153,TRUE,TRUE,TRUE,TRUE,FALSE
xmgld3c9ks.jpg,153,TRUE,TRUE,TRUE,FALSE,TRUE
7b8m1lxnyz.jpg,153,TRUE,TRUE,TRUE,FALSE,TRUE
rvn71yckqu.jpg,153,TRUE,TRUE,FALSE,TRUE,TRUE
k1cqia2zo5.jpg,153,TRUE,TRUE,FALSE,TRUE,TRUE
atdn0ucrev.jpg,153,TRUE,FALSE,TRUE,TRUE,TRUE
41i3lxpjwu.jpg,153,TRUE,FALSE,TRUE,TRUE,TRUE
fwnkx53drh.jpg,153,FALSE,TRUE,TRUE,TRUE,TRUE
bgufami6hn.jpg,153,FALSE,TRUE,TRUE,TRUE,TRUE
gs9wqtdm5p.jpg,154,TRUE,TRUE,TRUE,TRUE,FALSE
fz20dxla45.jpg,154,TRUE,TRUE,TRUE,TRUE,FALSE
ftxyp7ma6n.jpg,154,TRUE,TRUE,TRUE,FALSE,TRUE
ql43hy1w2j.jpg,154,TRUE,TRUE,TRUE,FALSE,TRUE
0vkloujhna.jpg,154,TRUE,TRUE,FALSE,TRUE,TRUE
cbolq7kusr.jpg,154,TRUE,TRUE,FALSE,TRUE,TRUE
rmvtse8bzi.jpg,154,TRUE,FALSE,TRUE,TRUE,TRUE
0x9k2t6f5w.jpg,154,TRUE,FALSE,TRUE,TRUE,TRUE
xzuk9ijngd.jpg,154,FALSE,TRUE,TRUE,TRUE,TRUE
ljqhw0t68d.jpg,154,FALSE,TRUE,TRUE,TRUE,TRUE
hzj03fwpnb.jpg,155,TRUE,TRUE,TRUE,TRUE,FALSE
65zgysrm13.jpg,155,TRUE,TRUE,TRUE,TRUE,FALSE
8sgfjwaq5v.jpg,155,TRUE,TRUE,TRUE,FALSE,TRUE
0dhgmwk8ri.jpg,155,TRUE,TRUE,TRUE,FALSE,TRUE
dxlzoym0wk.jpg,155,TRUE,TRUE,FALSE,TRUE,TRUE
0h5c84vtlw.jpg,155,TRUE,TRUE,FALSE,TRUE,TRUE
fladmy8sg2.jpg,155,TRUE,FALSE,TRUE,TRUE,TRUE
se8ug03h6l.jpg,155,TRUE,FALSE,TRUE,TRUE,TRUE
mt2fb8ulw6.jpg,155,FALSE,TRUE,TRUE,TRUE,TRUE
03jezhu9i8.jpg,155,FALSE,TRUE,TRUE,TRUE,TRUE
gk94th31c6.jpg,156,TRUE,TRUE,TRUE,TRUE,FALSE
1kmopz5fuc.jpg,156,TRUE,TRUE,TRUE,TRUE,FALSE
oymw8gt2r9.jpg,156,TRUE,TRUE,TRUE,FALSE,TRUE
a098u7fyod.jpg,156,TRUE,TRUE,TRUE,FALSE,TRUE
5msy97xr4h.jpg,156,TRUE,TRUE,FALSE,TRUE,TRUE
0gawub3e76.jpg,156,TRUE,TRUE,FALSE,TRUE,TRUE
9r3emn1tjy.jpg,156,TRUE,FALSE,TRUE,TRUE,TRUE
pcqfjx0vib.jpg,156,TRUE,FALSE,TRUE,TRUE,TRUE
zhf3bpm5ne.jpg,156,FALSE,TRUE,TRUE,TRUE,TRUE
oj2kb46pqs.jpg,156,FALSE,TRUE,TRUE,TRUE,TRUE
l7dnj438i9.jpg,157,TRUE,TRUE,TRUE,TRUE,FALSE
6xgb3nofj0.jpg,157,TRUE,TRUE,TRUE,TRUE,FALSE
snfirgdj6h.jpg,157,TRUE,TRUE,TRUE,FALSE,TRUE
sbdapkw7c2.jpg,157,TRUE,TRUE,TRUE,FALSE,TRUE
9m5ws16hiq.jpg,157,TRUE,TRUE,FALSE,TRUE,TRUE
5vhjqkxym1.jpg,157,TRUE,TRUE,FALSE,TRUE,TRUE
5lo8r9jyeh.jpg,157,TRUE,FALSE,TRUE,TRUE,TRUE
3tianfl4rk.jpg,157,TRUE,FALSE,TRUE,TRUE,TRUE
2qhfvy49ar.jpg,157,FALSE,TRUE,TRUE,TRUE,TRUE
18roqtwzmx.jpg,157,FALSE,TRUE,TRUE,TRUE,TRUE
905ixmp3kb.jpg,158,TRUE,TRUE,TRUE,TRUE,FALSE
s7ozua8c1g.jpg,158,TRUE,TRUE,TRUE,TRUE,FALSE
s80pe1vx7q.jpg,158,TRUE,TRUE,TRUE,FALSE,TRUE
l8ytum4q2n.jpg,158,TRUE,TRUE,TRUE,FALSE,TRUE
ujnlxyk028.jpg,158,TRUE,TRUE,FALSE,TRUE,TRUE
5r1qsxch3g.jpg,158,TRUE,TRUE,FALSE,TRUE,TRUE
sxpke49az0.jpg,158,TRUE,FALSE,TRUE,TRUE,TRUE
g4mevpylri.jpg,158,TRUE,FALSE,TRUE,TRUE,TRUE
bkz57ew34g.jpg,158,FALSE,TRUE,TRUE,TRUE,TRUE
8dlnvz3hoq.jpg,158,FALSE,TRUE,TRUE,TRUE,TRUE
4j90wex27m.jpg,159,TRUE,TRUE,TRUE,TRUE,FALSE
sanq65o97m.jpg,159,TRUE,TRUE,TRUE,TRUE,FALSE
y3scgxkje4.jpg,159,TRUE,TRUE,TRUE,FALSE,TRUE
3fihwbdlt2.jpg,159,TRUE,TRUE,TRUE,FALSE,TRUE
lwvngfa3z9.jpg,159,TRUE,TRUE,FALSE,TRUE,TRUE
wc6zs3l2dg.jpg,159,TRUE,TRUE,FALSE,TRUE,TRUE
ovit6h9f18.jpg,159,TRUE,FALSE,TRUE,TRUE,TRUE
u8enxy02os.jpg,159,TRUE,FALSE,TRUE,TRUE,TRUE
hc5rl72an4.jpg,159,FALSE,TRUE,TRUE,TRUE,TRUE
y8pf1lgvnc.jpg,159,FALSE,TRUE,TRUE,TRUE,TRUE
ql1acvdf2h.jpg,160,TRUE,TRUE,TRUE,TRUE,FALSE
zwmby0rk5g.jpg,160,TRUE,TRUE,TRUE,TRUE,FALSE
pweqc0t29h.jpg,160,TRUE,TRUE,TRUE,FALSE,TRUE
bzg6j9rw2v.jpg,160,TRUE,TRUE,TRUE,FALSE,TRUE
rd6ejf7b2t.jpg,160,TRUE,TRUE,FALSE,TRUE,TRUE
97ce0yjsq8.jpg,160,TRUE,TRUE,FALSE,TRUE,TRUE
1h8rx6lv9u.jpg,160,TRUE,FALSE,TRUE,TRUE,TRUE
91mqhdo0al.jpg,160,TRUE,FALSE,TRUE,TRUE,TRUE
976z1okqsi.jpg,160,FALSE,TRUE,TRUE,TRUE,TRUE
ctvo5egaj8.jpg,160,FALSE,TRUE,TRUE,TRUE,TRUE
f03navzmgx.jpg,161,TRUE,TRUE,TRUE,TRUE,FALSE
3mvt6ayelz.jpg,161,TRUE,TRUE,TRUE,TRUE,FALSE
x9oqk4psfi.jpg,161,TRUE,TRUE,TRUE,FALSE,TRUE
dgjyl45eta.jpg,161,TRUE,TRUE,TRUE,FALSE,TRUE
cmsbgpvzn1.jpg,161,TRUE,TRUE,FALSE,TRUE,TRUE
msy0lv2zxr.jpg,161,TRUE,TRUE,FALSE,TRUE,TRUE
g13mhbxw24.jpg,161,TRUE,FALSE,TRUE,TRUE,TRUE
j2q83shyx6.jpg,161,TRUE,FALSE,TRUE,TRUE,TRUE
s4xj2pcq3d.jpg,161,FALSE,TRUE,TRUE,TRUE,TRUE
gcoljt4k8x.jpg,161,FALSE,TRUE,TRUE,TRUE,TRUE
c35m7s2oup.jpg,162,TRUE,TRUE,TRUE,TRUE,FALSE
c4ubsjwniy.jpg,162,TRUE,TRUE,TRUE,TRUE,FALSE
29qxzcmn65.jpg,162,TRUE,TRUE,TRUE,FALSE,TRUE
dsqn5iemuj.jpg,162,TRUE,TRUE,TRUE,FALSE,TRUE
qvwnolsf21.jpg,162,TRUE,TRUE,FALSE,TRUE,TRUE
wrqk0si3db.jpg,162,TRUE,TRUE,FALSE,TRUE,TRUE
wq4dhc7plg.jpg,162,TRUE,FALSE,TRUE,TRUE,TRUE
h649ynrtlq.jpg,162,TRUE,FALSE,TRUE,TRUE,TRUE
43a86kwq5n.jpg,162,FALSE,TRUE,TRUE,TRUE,TRUE
ejzc6fqy7m.jpg,162,FALSE,TRUE,TRUE,TRUE,TRUE
8vwsa94r2c.jpg,163,TRUE,TRUE,TRUE,TRUE,FALSE
apbx9wfyej.jpg,163,TRUE,TRUE,TRUE,TRUE,FALSE
4q8xdtenur.jpg,163,TRUE,TRUE,TRUE,FALSE,TRUE
9ekgzwyp81.jpg,163,TRUE,TRUE,TRUE,FALSE,TRUE
2v0bp31iku.jpg,163,TRUE,TRUE,FALSE,TRUE,TRUE
mbhzkq65sa.jpg,163,TRUE,TRUE,FALSE,TRUE,TRUE
5p9dyk4se7.jpg,163,TRUE,FALSE,TRUE,TRUE,TRUE
cutrjadfbe.jpg,163,TRUE,FALSE,TRUE,TRUE,TRUE
w0zrhsx8a7.jpg,163,FALSE,TRUE,TRUE,TRUE,TRUE
na4k1o5hgx.jpg,163,FALSE,TRUE,TRUE,TRUE,TRUE
tcsg7d58i3.jpg,164,TRUE,TRUE,TRUE,TRUE,FALSE
43tozprjky.jpg,164,TRUE,TRUE,TRUE,TRUE,FALSE
gz0qbojfxh.jpg,164,TRUE,TRUE,TRUE,FALSE,TRUE
5dcobplzfh.jpg,164,TRUE,TRUE,TRUE,FALSE,TRUE
5n89rgs7oe.jpg,164,TRUE,TRUE,FALSE,TRUE,TRUE
4j0agpncie.jpg,164,TRUE,TRUE,FALSE,TRUE,TRUE
4j3t69lek2.jpg,164,TRUE,FALSE,TRUE,TRUE,TRUE
fbhmo7u3t1.jpg,164,TRUE,FALSE,TRUE,TRUE,TRUE
b3dxt9i082.jpg,164,FALSE,TRUE,TRUE,TRUE,TRUE
jktye7hw5f.jpg,164,FALSE,TRUE,TRUE,TRUE,TRUE
hc48mgfuei.jpg,165,TRUE,TRUE,TRUE,TRUE,FALSE
h1ekiumf89.jpg,165,TRUE,TRUE,TRUE,TRUE,FALSE
emzhfwkv5s.jpg,165,TRUE,TRUE,TRUE,FALSE,TRUE
nxmics6hpl.jpg,165,TRUE,TRUE,TRUE,FALSE,TRUE
czw9ludry5.jpg,165,TRUE,TRUE,FALSE,TRUE,TRUE
wufv7951st.jpg,165,TRUE,TRUE,FALSE,TRUE,TRUE
ldjerftmus.jpg,165,TRUE,FALSE,TRUE,TRUE,TRUE
iu3cvdwa7p.jpg,165,TRUE,FALSE,TRUE,TRUE,TRUE
nlqvrh78yf.jpg,165,FALSE,TRUE,TRUE,TRUE,TRUE
poeg0amrf3.jpg,165,FALSE,TRUE,TRUE,TRUE,TRUE
zegmjw1a4t.jpg,166,TRUE,TRUE,TRUE,TRUE,FALSE
y5qbdhfu07.jpg,166,TRUE,TRUE,TRUE,TRUE,FALSE
3kt9eydpls.jpg,166,TRUE,TRUE,TRUE,FALSE,TRUE
rxz3ao86w7.jpg,166,TRUE,TRUE,TRUE,FALSE,TRUE
3ic42ol7ub.jpg,166,TRUE,TRUE,FALSE,TRUE,TRUE
vu8qck2pyl.jpg,166,TRUE,TRUE,FALSE,TRUE,TRUE
74gzbm9r3j.jpg,166,TRUE,FALSE,TRUE,TRUE,TRUE
7omq8vwl04.jpg,166,TRUE,FALSE,TRUE,TRUE,TRUE
bm2kodr7hn.jpg,166,FALSE,TRUE,TRUE,TRUE,TRUE
tw71lpib0s.jpg,166,FALSE,TRUE,TRUE,TRUE,TRUE
0zjbvpworf.jpg,167,TRUE,TRUE,TRUE,TRUE,FALSE
5vnxlcpw8j.jpg,167,TRUE,TRUE,TRUE,TRUE,FALSE
it3s850frc.jpg,167,TRUE,TRUE,TRUE,FALSE,TRUE
3f47vrk21p.jpg,167,TRUE,TRUE,TRUE,FALSE,TRUE
e6mbk9qrhz.jpg,167,TRUE,TRUE,FALSE,TRUE,TRUE
i8abutrcz2.jpg,167,TRUE,TRUE,FALSE,TRUE,TRUE
xqp0dwo92t.jpg,167,TRUE,FALSE,TRUE,TRUE,TRUE
juybmfx93w.jpg,167,TRUE,FALSE,TRUE,TRUE,TRUE
5i7ktsa84n.jpg,167,FALSE,TRUE,TRUE,TRUE,TRUE
caw74fr85s.jpg,167,FALSE,TRUE,TRUE,TRUE,TRUE
5w1mlp3s8u.jpg,168,TRUE,TRUE,TRUE,TRUE,FALSE
2pdsgyxir6.jpg,168,TRUE,TRUE,TRUE,TRUE,FALSE
2391qpv8cs.jpg,168,TRUE,TRUE,TRUE,FALSE,TRUE
6e1tkdvysn.jpg,168,TRUE,TRUE,TRUE,FALSE,TRUE
lqbphe7w8c.jpg,168,TRUE,TRUE,FALSE,TRUE,TRUE
uhdr9pbc68.jpg,168,TRUE,TRUE,FALSE,TRUE,TRUE
v30pbxnfd7.jpg,168,TRUE,FALSE,TRUE,TRUE,TRUE
tjp6v90b3s.jpg,168,TRUE,FALSE,TRUE,TRUE,TRUE
d5oszlyvtn.jpg,168,FALSE,TRUE,TRUE,TRUE,TRUE
4b8opr57nl.jpg,168,FALSE,TRUE,TRUE,TRUE,TRUE
uwzjxydi52.jpg,169,TRUE,TRUE,TRUE,TRUE,FALSE
tf3ecl7bv5.jpg,169,TRUE,TRUE,TRUE,TRUE,FALSE
dj7brs8oc4.jpg,169,TRUE,TRUE,TRUE,FALSE,TRUE
2gjuevhqxa.jpg,169,TRUE,TRUE,TRUE,FALSE,TRUE
6v1cxspbzq.jpg,169,TRUE,TRUE,FALSE,TRUE,TRUE
8wm1vegx6u.jpg,169,TRUE,TRUE,FALSE,TRUE,TRUE
zgy2obdwaj.jpg,169,TRUE,FALSE,TRUE,TRUE,TRUE
prj10vohc5.jpg,169,TRUE,FALSE,TRUE,TRUE,TRUE
sjiv809m7g.jpg,169,FALSE,TRUE,TRUE,TRUE,TRUE
2n3hi80pw5.jpg,169,FALSE,TRUE,TRUE,TRUE,TRUE
rfw7q5vijb.jpg,170,TRUE,TRUE,TRUE,TRUE,FALSE
vy1ohxusw3.jpg,170,TRUE,TRUE,TRUE,TRUE,FALSE
mrygus0lae.jpg,170,TRUE,TRUE,TRUE,FALSE,TRUE
vzlirt6auw.jpg,170,TRUE,TRUE,TRUE,FALSE,TRUE
ji0o1h9plg.jpg,170,TRUE,TRUE,FALSE,TRUE,TRUE
zeyjtp6uwn.jpg,170,TRUE,TRUE,FALSE,TRUE,TRUE
debpqcmr2j.jpg,170,TRUE,FALSE,TRUE,TRUE,TRUE
4sedlxbw7f.jpg,170,TRUE,FALSE,TRUE,TRUE,TRUE
vckolqhrz7.jpg,170,FALSE,TRUE,TRUE,TRUE,TRUE
khaz78j9mf.jpg,170,FALSE,TRUE,TRUE,TRUE,TRUE
bprjgest20.jpg,171,TRUE,TRUE,TRUE,TRUE,FALSE
0rv9woke27.jpg,171,TRUE,TRUE,TRUE,TRUE,FALSE
wnej37o2t6.jpg,171,TRUE,TRUE,TRUE,FALSE,TRUE
032p7z15ol.jpg,171,TRUE,TRUE,TRUE,FALSE,TRUE
tbmcoe8wp5.jpg,171,TRUE,TRUE,FALSE,TRUE,TRUE
at06dxb5uf.jpg,171,TRUE,TRUE,FALSE,TRUE,TRUE
r4w6ge2ayn.jpg,171,TRUE,FALSE,TRUE,TRUE,TRUE
dr53w9aogj.jpg,171,TRUE,FALSE,TRUE,TRUE,TRUE
3k5sm6icg4.jpg,171,FALSE,TRUE,TRUE,TRUE,TRUE
bd2ex9vzit.jpg,171,FALSE,TRUE,TRUE,TRUE,TRUE
ncvzaep06j.jpg,172,TRUE,TRUE,TRUE,TRUE,FALSE
sk8hfvx20r.jpg,172,TRUE,TRUE,TRUE,TRUE,FALSE
x7bnam04pd.jpg,172,TRUE,TRUE,TRUE,FALSE,TRUE
gmkira4nzj.jpg,172,TRUE,TRUE,TRUE,FALSE,TRUE
n790dy8tip.jpg,172,TRUE,TRUE,FALSE,TRUE,TRUE
l2v3eacgt5.jpg,172,TRUE,TRUE,FALSE,TRUE,TRUE
bjq6nfldhp.jpg,172,TRUE,FALSE,TRUE,TRUE,TRUE
tdybfg0ra5.jpg,172,TRUE,FALSE,TRUE,TRUE,TRUE
irxqdlm5zh.jpg,172,FALSE,TRUE,TRUE,TRUE,TRUE
yx8n5fvcbz.jpg,172,FALSE,TRUE,TRUE,TRUE,TRUE
0xyi4gpvjl.jpg,173,TRUE,TRUE,TRUE,TRUE,FALSE
rjoy7ewqnh.jpg,173,TRUE,TRUE,TRUE,TRUE,FALSE
zq09k7cio5.jpg,173,TRUE,TRUE,TRUE,FALSE,TRUE
thlb5vm2dk.jpg,173,TRUE,TRUE,TRUE,FALSE,TRUE
s91hm6tyv4.jpg,173,TRUE,TRUE,FALSE,TRUE,TRUE
jal4ygxecq.jpg,173,TRUE,TRUE,FALSE,TRUE,TRUE
rswgh0ne6o.jpg,173,TRUE,FALSE,TRUE,TRUE,TRUE
0y3epg8s2a.jpg,173,TRUE,FALSE,TRUE,TRUE,TRUE
3jsy6vdb5n.jpg,173,FALSE,TRUE,TRUE,TRUE,TRUE
zacbk1e23q.jpg,173,FALSE,TRUE,TRUE,TRUE,TRUE
w2p476fkb5.jpg,174,TRUE,TRUE,TRUE,TRUE,FALSE
n48gvqohcs.jpg,174,TRUE,TRUE,TRUE,TRUE,FALSE
yr2iokuv98.jpg,174,TRUE,TRUE,TRUE,FALSE,TRUE
el1audwz4v.jpg,174,TRUE,TRUE,TRUE,FALSE,TRUE
m2by3vriws.jpg,174,TRUE,TRUE,FALSE,TRUE,TRUE
hszf7v5tui.jpg,174,TRUE,TRUE,FALSE,TRUE,TRUE
lejf4bm0pn.jpg,174,TRUE,FALSE,TRUE,TRUE,TRUE
5qewzk21a7.jpg,174,TRUE,FALSE,TRUE,TRUE,TRUE
sq5fwy2hga.jpg,174,FALSE,TRUE,TRUE,TRUE,TRUE
lmkbtd2os3.jpg,174,FALSE,TRUE,TRUE,TRUE,TRUE
03ol9zqjn7.jpg,175,TRUE,TRUE,TRUE,TRUE,FALSE
3dkx0y9ben.jpg,175,TRUE,TRUE,TRUE,TRUE,FALSE
7ul5v2gzmi.jpg,175,TRUE,TRUE,TRUE,FALSE,TRUE
59gdl1w3kf.jpg,175,TRUE,TRUE,TRUE,FALSE,TRUE
4c2dgzevt5.jpg,175,TRUE,TRUE,FALSE,TRUE,TRUE
tfi3h87maj.jpg,175,TRUE,TRUE,FALSE,TRUE,TRUE
k0tisdpx2j.jpg,175,TRUE,FALSE,TRUE,TRUE,TRUE
vd1qhaxofc.jpg,175,TRUE,FALSE,TRUE,TRUE,TRUE
8czytpboil.jpg,175,FALSE,TRUE,TRUE,TRUE,TRUE
9tirxpf3u2.jpg,175,FALSE,TRUE,TRUE,TRUE,TRUE
olsmwqdjyg.jpg,176,TRUE,TRUE,TRUE,TRUE,FALSE
g4bfk75vse.jpg,176,TRUE,TRUE,TRUE,TRUE,FALSE
hw1j6q8tox.jpg,176,TRUE,TRUE,TRUE,FALSE,TRUE
09de32ybos.jpg,176,TRUE,TRUE,TRUE,FALSE,TRUE
6acfjyq9d1.jpg,176,TRUE,TRUE,FALSE,TRUE,TRUE
u34vhrwpjz.jpg,176,TRUE,TRUE,FALSE,TRUE,TRUE
ri1l0jv2m5.jpg,176,TRUE,FALSE,TRUE,TRUE,TRUE
pw38e2ydta.jpg,176,TRUE,FALSE,TRUE,TRUE,TRUE
1ozqv5bhxe.jpg,176,FALSE,TRUE,TRUE,TRUE,TRUE
eikbvn7jmu.jpg,176,FALSE,TRUE,TRUE,TRUE,TRUE
xp07krsqvu.jpg,177,TRUE,TRUE,TRUE,TRUE,FALSE
giexlnho16.jpg,177,TRUE,TRUE,TRUE,TRUE,FALSE
uiwjd186sa.jpg,177,TRUE,TRUE,TRUE,FALSE,TRUE
mth6awr7c0.jpg,177,TRUE,TRUE,TRUE,FALSE,TRUE
spyj1k5r9z.jpg,177,TRUE,TRUE,FALSE,TRUE,TRUE
s2gzqnerpm.jpg,177,TRUE,TRUE,FALSE,TRUE,TRUE
6j5uxb0as8.jpg,177,TRUE,FALSE,TRUE,TRUE,TRUE
sc1nkyruth.jpg,177,TRUE,FALSE,TRUE,TRUE,TRUE
2jix9katr4.jpg,177,FALSE,TRUE,TRUE,TRUE,TRUE
zst40rh35g.jpg,177,FALSE,TRUE,TRUE,TRUE,TRUE
yg90zn2vpl.jpg,178,TRUE,TRUE,TRUE,TRUE,FALSE
9zmjrkpvxq.jpg,178,TRUE,TRUE,TRUE,TRUE,FALSE
1pqnt0w2gm.jpg,178,TRUE,TRUE,TRUE,FALSE,TRUE
96qahzepwy.jpg,178,TRUE,TRUE,TRUE,FALSE,TRUE
zp7nm6yjd9.jpg,178,TRUE,TRUE,FALSE,TRUE,TRUE
0uijyo2btd.jpg,178,TRUE,TRUE,FALSE,TRUE,TRUE
pnthq83ob6.jpg,178,TRUE,FALSE,TRUE,TRUE,TRUE
7p5qb6i82m.jpg,178,TRUE,FALSE,TRUE,TRUE,TRUE
816idz2eg4.jpg,178,FALSE,TRUE,TRUE,TRUE,TRUE
3z4lrcpo6n.jpg,178,FALSE,TRUE,TRUE,TRUE,TRUE
z29e6d5tai.jpg,179,TRUE,TRUE,TRUE,TRUE,FALSE
lpug4vqy50.jpg,179,TRUE,TRUE,TRUE,TRUE,FALSE
2qacykxz5s.jpg,179,TRUE,TRUE,TRUE,FALSE,TRUE
xa3q9f0nw7.jpg,179,TRUE,TRUE,TRUE,FALSE,TRUE
9oq2agxm46.jpg,179,TRUE,TRUE,FALSE,TRUE,TRUE
joa3nw02l5.jpg,179,TRUE,TRUE,FALSE,TRUE,TRUE
pw5lo2nv0y.jpg,179,TRUE,FALSE,TRUE,TRUE,TRUE
u64mgvklxn.jpg,179,TRUE,FALSE,TRUE,TRUE,TRUE
kbpiqo43df.jpg,179,FALSE,TRUE,TRUE,TRUE,TRUE
k5rqsgp1u7.jpg,179,FALSE,TRUE,TRUE,TRUE,TRUE
eqm1tx2069.jpg,180,TRUE,TRUE,TRUE,TRUE,FALSE
nor2m6kl3e.jpg,180,TRUE,TRUE,TRUE,TRUE,FALSE
qzk1owcvjh.jpg,180,TRUE,TRUE,TRUE,FALSE,TRUE
df310e9rgx.jpg,180,TRUE,TRUE,TRUE,FALSE,TRUE
o59cg32p1r.jpg,180,TRUE,TRUE,FALSE,TRUE,TRUE
d94e8f2t0y.jpg,180,TRUE,TRUE,FALSE,TRUE,TRUE
dyk3prs289.jpg,180,TRUE,FALSE,TRUE,TRUE,TRUE
2d8tl7v1hp.jpg,180,TRUE,FALSE,TRUE,TRUE,TRUE
ug6vqayt49.jpg,180,FALSE,TRUE,TRUE,TRUE,TRUE
581yzt3xas.jpg,180,FALSE,TRUE,TRUE,TRUE,TRUE
ryknaceh6p.jpg,181,TRUE,TRUE,TRUE,TRUE,FALSE
0gnjdfq4tu.jpg,181,TRUE,TRUE,TRUE,TRUE,FALSE
kluavs5gf0.jpg,181,TRUE,TRUE,TRUE,FALSE,TRUE
4udy6c9jiq.jpg,181,TRUE,TRUE,TRUE,FALSE,TRUE
2zsfdbrex4.jpg,181,TRUE,TRUE,FALSE,TRUE,TRUE
96gcnuz3lm.jpg,181,TRUE,TRUE,FALSE,TRUE,TRUE
9behtc6usp.jpg,181,TRUE,FALSE,TRUE,TRUE,TRUE
bro8zmsce3.jpg,181,TRUE,FALSE,TRUE,TRUE,TRUE
nr0kp6a53x.jpg,181,FALSE,TRUE,TRUE,TRUE,TRUE
dzerfmji2n.jpg,181,FALSE,TRUE,TRUE,TRUE,TRUE
tusvg61rz4.jpg,182,TRUE,TRUE,TRUE,TRUE,FALSE
m4kyof9aiz.jpg,182,TRUE,TRUE,TRUE,TRUE,FALSE
jaxwvcefzl.jpg,182,TRUE,TRUE,TRUE,FALSE,TRUE
ipartmk5gy.jpg,182,TRUE,TRUE,TRUE,FALSE,TRUE
epb1slk5vc.jpg,182,TRUE,TRUE,FALSE,TRUE,TRUE
w16yn8vi9e.jpg,182,TRUE,TRUE,FALSE,TRUE,TRUE
2kijb9dafn.jpg,182,TRUE,FALSE,TRUE,TRUE,TRUE
2bxai7um13.jpg,182,TRUE,FALSE,TRUE,TRUE,TRUE
5uj9yevrk6.jpg,182,FALSE,TRUE,TRUE,TRUE,TRUE
x3ftwo9a1d.jpg,182,FALSE,TRUE,TRUE,TRUE,TRUE
9dwv7qzc2j.jpg,183,TRUE,TRUE,TRUE,TRUE,FALSE
t2jqorncwd.jpg,183,TRUE,TRUE,TRUE,TRUE,FALSE
dqhk25ylvs.jpg,183,TRUE,TRUE,TRUE,FALSE,TRUE
6wrqi8ezan.jpg,183,TRUE,TRUE,TRUE,FALSE,TRUE
rij6g9qymo.jpg,183,TRUE,TRUE,FALSE,TRUE,TRUE
yv185rj7gw.jpg,183,TRUE,TRUE,FALSE,TRUE,TRUE
5qf8da31bp.jpg,183,TRUE,FALSE,TRUE,TRUE,TRUE
f04i239syj.jpg,183,TRUE,FALSE,TRUE,TRUE,TRUE
7d4ljiyf0u.jpg,183,FALSE,TRUE,TRUE,TRUE,TRUE
zqrl6bjp28.jpg,183,FALSE,TRUE,TRUE,TRUE,TRUE
kl3d5sj6p8.jpg,184,TRUE,TRUE,TRUE,TRUE,FALSE
dika3b79vm.jpg,184,TRUE,TRUE,TRUE,TRUE,FALSE
0j2v53fyn1.jpg,184,TRUE,TRUE,TRUE,FALSE,TRUE
wska7j1lgr.jpg,184,TRUE,TRUE,TRUE,FALSE,TRUE
ld1ic9r84g.jpg,184,TRUE,TRUE,FALSE,TRUE,TRUE
go5c01aq3t.jpg,184,TRUE,TRUE,FALSE,TRUE,TRUE
ta5v3sn0dw.jpg,184,TRUE,FALSE,TRUE,TRUE,TRUE
igqykm5l7t.jpg,184,TRUE,FALSE,TRUE,TRUE,TRUE
vbnm2d41iy.jpg,184,FALSE,TRUE,TRUE,TRUE,TRUE
c1ba5t8o92.jpg,184,FALSE,TRUE,TRUE,TRUE,TRUE
m3jyrhcwig.jpg,185,TRUE,TRUE,TRUE,TRUE,FALSE
j8xwygreh0.jpg,185,TRUE,TRUE,TRUE,TRUE,FALSE
6psb2z0eox.jpg,185,TRUE,TRUE,TRUE,FALSE,TRUE
syr8ux9fg4.jpg,185,TRUE,TRUE,TRUE,FALSE,TRUE
ztbxuh3c05.jpg,185,TRUE,TRUE,FALSE,TRUE,TRUE
gyo9qmtarb.jpg,185,TRUE,TRUE,FALSE,TRUE,TRUE
z0rqdi78tv.jpg,185,TRUE,FALSE,TRUE,TRUE,TRUE
on4ml0hs6v.jpg,185,TRUE,FALSE,TRUE,TRUE,TRUE
rq6unmv73p.jpg,185,FALSE,TRUE,TRUE,TRUE,TRUE
w4k1yng9tf.jpg,185,FALSE,TRUE,TRUE,TRUE,TRUE
8qc6xka07u.jpg,186,TRUE,TRUE,TRUE,TRUE,FALSE
tnlfmgi305.jpg,186,TRUE,TRUE,TRUE,TRUE,FALSE
ciy9g5u6qm.jpg,186,TRUE,TRUE,TRUE,FALSE,TRUE
bcxa3245m6.jpg,186,TRUE,TRUE,TRUE,FALSE,TRUE
3j7foxnqlu.jpg,186,TRUE,TRUE,FALSE,TRUE,TRUE
t2u5yhlsfw.jpg,186,TRUE,TRUE,FALSE,TRUE,TRUE
mc1zkvsjao.jpg,186,TRUE,FALSE,TRUE,TRUE,TRUE
ytosm8ecwa.jpg,186,TRUE,FALSE,TRUE,TRUE,TRUE
cwb9yxl5og.jpg,186,FALSE,TRUE,TRUE,TRUE,TRUE
xos98jewhc.jpg,186,FALSE,TRUE,TRUE,TRUE,TRUE
0cwbio2hfn.jpg,187,TRUE,TRUE,TRUE,TRUE,FALSE
r1ft32e7ca.jpg,187,TRUE,TRUE,TRUE,TRUE,FALSE
4uqmd8yjo7.jpg,187,TRUE,TRUE,TRUE,FALSE,TRUE
pjzubyw20e.jpg,187,TRUE,TRUE,TRUE,FALSE,TRUE
ws3enarf4x.jpg,187,TRUE,TRUE,FALSE,TRUE,TRUE
9f7dkaqw63.jpg,187,TRUE,TRUE,FALSE,TRUE,TRUE
k4w5v1orjz.jpg,187,TRUE,FALSE,TRUE,TRUE,TRUE
zpv0blo4q6.jpg,187,TRUE,FALSE,TRUE,TRUE,TRUE
buf13ed58p.jpg,187,FALSE,TRUE,TRUE,TRUE,TRUE
nj8xhiabum.jpg,187,FALSE,TRUE,TRUE,TRUE,TRUE
b8fmiexjvt.jpg,188,TRUE,TRUE,TRUE,TRUE,FALSE
8c2uw5prkd.jpg,188,TRUE,TRUE,TRUE,TRUE,FALSE
gilsw5xp3f.jpg,188,TRUE,TRUE,TRUE,FALSE,TRUE
xtsrvfcw5e.jpg,188,TRUE,TRUE,TRUE,FALSE,TRUE
pkojmucirv.jpg,188,TRUE,TRUE,FALSE,TRUE,TRUE
aohw7c4gyt.jpg,188,TRUE,TRUE,FALSE,TRUE,TRUE
j4lcy6spqv.jpg,188,TRUE,FALSE,TRUE,TRUE,TRUE
7hbu1t0qri.jpg,188,TRUE,FALSE,TRUE,TRUE,TRUE
hbrmx1o8sv.jpg,188,FALSE,TRUE,TRUE,TRUE,TRUE
hmlj0ugqxt.jpg,188,FALSE,TRUE,TRUE,TRUE,TRUE
6puoj8vbcl.jpg,189,TRUE,TRUE,TRUE,TRUE,FALSE
dz6185v3yb.jpg,189,TRUE,TRUE,TRUE,TRUE,FALSE
f1p2dc4a9b.jpg,189,TRUE,TRUE,TRUE,FALSE,TRUE
ci2kay7bxh.jpg,189,TRUE,TRUE,TRUE,FALSE,TRUE
3xbyz5d6p0.jpg,189,TRUE,TRUE,FALSE,TRUE,TRUE
lqb94sx52u.jpg,189,TRUE,TRUE,FALSE,TRUE,TRUE
bo60lf4xgw.jpg,189,TRUE,FALSE,TRUE,TRUE,TRUE
xfzau2k4et.jpg,189,TRUE,FALSE,TRUE,TRUE,TRUE
jxywbciseg.jpg,189,FALSE,TRUE,TRUE,TRUE,TRUE
raipy8mdkh.jpg,189,FALSE,TRUE,TRUE,TRUE,TRUE
58lrkijwg2.jpg,190,TRUE,TRUE,TRUE,TRUE,FALSE
xl4vyruk58.jpg,190,TRUE,TRUE,TRUE,TRUE,FALSE
gvpe7x8h69.jpg,190,TRUE,TRUE,TRUE,FALSE,TRUE
86k7lz1i3d.jpg,190,TRUE,TRUE,TRUE,FALSE,TRUE
uetjzpw5s3.jpg,190,TRUE,TRUE,FALSE,TRUE,TRUE
c0dxgf241y.jpg,190,TRUE,TRUE,FALSE,TRUE,TRUE
oryfh817wz.jpg,190,TRUE,FALSE,TRUE,TRUE,TRUE
xk6y5ac7mn.jpg,190,TRUE,FALSE,TRUE,TRUE,TRUE
3065yl8zwn.jpg,190,FALSE,TRUE,TRUE,TRUE,TRUE
nlmb4akwe8.jpg,190,FALSE,TRUE,TRUE,TRUE,TRUE
i8qr01seyx.jpg,191,TRUE,TRUE,TRUE,TRUE,FALSE
07ufd3njrv.jpg,191,TRUE,TRUE,TRUE,TRUE,FALSE
zvltb5j4e2.jpg,191,TRUE,TRUE,TRUE,FALSE,TRUE
9grlopjwtu.jpg,191,TRUE,TRUE,TRUE,FALSE,TRUE
n0oubk62hr.jpg,191,TRUE,TRUE,FALSE,TRUE,TRUE
32bjm0oyxh.jpg,191,TRUE,TRUE,FALSE,TRUE,TRUE
ejzbtvr415.jpg,191,TRUE,FALSE,TRUE,TRUE,TRUE
4anwm0t7y6.jpg,191,TRUE,FALSE,TRUE,TRUE,TRUE
tcrnmkq8a9.jpg,191,FALSE,TRUE,TRUE,TRUE,TRUE
5hvlgw7u8i.jpg,191,FALSE,TRUE,TRUE,TRUE,TRUE
4uwtasjc53.jpg,192,TRUE,TRUE,TRUE,TRUE,FALSE
698x4lkaec.jpg,192,TRUE,TRUE,TRUE,TRUE,FALSE
gsd4y3xcf5.jpg,192,TRUE,TRUE,TRUE,FALSE,TRUE
zwnc62gvtp.jpg,192,TRUE,TRUE,TRUE,FALSE,TRUE
l2su5jo6cq.jpg,192,TRUE,TRUE,FALSE,TRUE,TRUE
vdn1wb8ics.jpg,192,TRUE,TRUE,FALSE,TRUE,TRUE
wrk8zm9vyd.jpg,192,TRUE,FALSE,TRUE,TRUE,TRUE
pyed169lkn.jpg,192,TRUE,FALSE,TRUE,TRUE,TRUE
6rkezdhma8.jpg,192,FALSE,TRUE,TRUE,TRUE,TRUE
h0p18vl6fr.jpg,192,FALSE,TRUE,TRUE,TRUE,TRUE
gxu3rhn1bf.jpg,193,TRUE,TRUE,TRUE,TRUE,FALSE
sj7r4dwhbu.jpg,193,TRUE,TRUE,TRUE,TRUE,FALSE
yr0fvd4j6b.jpg,193,TRUE,TRUE,TRUE,FALSE,TRUE
gue5rkfvcw.jpg,193,TRUE,TRUE,TRUE,FALSE,TRUE
jreu7hawcg.jpg,193,TRUE,TRUE,FALSE,TRUE,TRUE
ry04hntfju.jpg,193,TRUE,TRUE,FALSE,TRUE,TRUE
mzuki0xfs8.jpg,193,TRUE,FALSE,TRUE,TRUE,TRUE
7pir95fmxy.jpg,193,TRUE,FALSE,TRUE,TRUE,TRUE
l1ny3s9rxz.jpg,193,FALSE,TRUE,TRUE,TRUE,TRUE
y7jmql0obx.jpg,193,FALSE,TRUE,TRUE,TRUE,TRUE
q6arbd4uec.jpg,194,TRUE,TRUE,TRUE,TRUE,FALSE
mgi3kz5evj.jpg,194,TRUE,TRUE,TRUE,TRUE,FALSE
a6wkd2ipfo.jpg,194,TRUE,TRUE,TRUE,FALSE,TRUE
u3zlxmvyoh.jpg,194,TRUE,TRUE,TRUE,FALSE,TRUE
w7rxt51abl.jpg,194,TRUE,TRUE,FALSE,TRUE,TRUE
hcsgd5uvyp.jpg,194,TRUE,TRUE,FALSE,TRUE,TRUE
jdgbru6fy5.jpg,194,TRUE,FALSE,TRUE,TRUE,TRUE
bgu708rvea.jpg,194,TRUE,FALSE,TRUE,TRUE,TRUE
r1dmxfsp7z.jpg,194,FALSE,TRUE,TRUE,TRUE,TRUE
cmoxga5uye.jpg,194,FALSE,TRUE,TRUE,TRUE,TRUE
dhni5ryaue.jpg,195,TRUE,TRUE,TRUE,TRUE,FALSE
6v3ipghnlc.jpg,195,TRUE,TRUE,TRUE,TRUE,FALSE
283irngatu.jpg,195,TRUE,TRUE,TRUE,FALSE,TRUE
k94dptf7eu.jpg,195,TRUE,TRUE,TRUE,FALSE,TRUE
ifnhte8wqs.jpg,195,TRUE,TRUE,FALSE,TRUE,TRUE
vonf9cr8uw.jpg,195,TRUE,TRUE,FALSE,TRUE,TRUE
2g5snbv8r6.jpg,195,TRUE,FALSE,TRUE,TRUE,TRUE
pj8vfa1bdy.jpg,195,TRUE,FALSE,TRUE,TRUE,TRUE
3l1h5kfut9.jpg,195,FALSE,TRUE,TRUE,TRUE,TRUE
n58zrgfm1e.jpg,195,FALSE,TRUE,TRUE,TRUE,TRUE
ugdlnaf61v.jpg,196,TRUE,TRUE,TRUE,TRUE,FALSE
m9cfnzjrwy.jpg,196,TRUE,TRUE,TRUE,TRUE,FALSE
l0do9qfg4u.jpg,196,TRUE,TRUE,TRUE,FALSE,TRUE
p3mrfz0dj5.jpg,196,TRUE,TRUE,TRUE,FALSE,TRUE
7uerqn80km.jpg,196,TRUE,TRUE,FALSE,TRUE,TRUE
ldm5q49str.jpg,196,TRUE,TRUE,FALSE,TRUE,TRUE
k8mlxtzvho.jpg,196,TRUE,FALSE,TRUE,TRUE,TRUE
5sazegv4pl.jpg,196,TRUE,FALSE,TRUE,TRUE,TRUE
ux0c9nb5zi.jpg,196,FALSE,TRUE,TRUE,TRUE,TRUE
ur6szkhify.jpg,196,FALSE,TRUE,TRUE,TRUE,TRUE
j12vlyn96c.jpg,197,TRUE,TRUE,TRUE,TRUE,FALSE
6g58i3xt2s.jpg,197,TRUE,TRUE,TRUE,TRUE,FALSE
p648hquxov.jpg,197,TRUE,TRUE,TRUE,FALSE,TRUE
xm30zatujk.jpg,197,TRUE,TRUE,TRUE,FALSE,TRUE
q82gdipwlv.jpg,197,TRUE,TRUE,FALSE,TRUE,TRUE
h2zeodtbw4.jpg,197,TRUE,TRUE,FALSE,TRUE,TRUE
9emabilzjy.jpg,197,TRUE,FALSE,TRUE,TRUE,TRUE
akqw6ugcb3.jpg,197,TRUE,FALSE,TRUE,TRUE,TRUE
69ktyrim7u.jpg,197,FALSE,TRUE,TRUE,TRUE,TRUE
vksucmbaw8.jpg,197,FALSE,TRUE,TRUE,TRUE,TRUE
v0js9w78qt.jpg,198,TRUE,TRUE,TRUE,TRUE,FALSE
ktp8nrqx6w.jpg,198,TRUE,TRUE,TRUE,TRUE,FALSE
316kp84gzx.jpg,198,TRUE,TRUE,TRUE,FALSE,TRUE
wl37mcoqtu.jpg,198,TRUE,TRUE,TRUE,FALSE,TRUE
ov1gh4qdpk.jpg,198,TRUE,TRUE,FALSE,TRUE,TRUE
cdl87xvigj.jpg,198,TRUE,TRUE,FALSE,TRUE,TRUE
dyw6jagi1l.jpg,198,TRUE,FALSE,TRUE,TRUE,TRUE
1v2gcmxqw0.jpg,198,TRUE,FALSE,TRUE,TRUE,TRUE
fmin1doukr.jpg,198,FALSE,TRUE,TRUE,TRUE,TRUE
j34emd928b.jpg,198,FALSE,TRUE,TRUE,TRUE,TRUE
mhoulbq30d.jpg,199,TRUE,TRUE,TRUE,TRUE,FALSE
a3gncx1vj8.jpg,199,TRUE,TRUE,TRUE,TRUE,FALSE
fln5apgiu6.jpg,199,TRUE,TRUE,TRUE,FALSE,TRUE
r237k6jydl.jpg,199,TRUE,TRUE,TRUE,FALSE,TRUE
mzec42h0a7.jpg,199,TRUE,TRUE,FALSE,TRUE,TRUE
4rvchfoz28.jpg,199,TRUE,TRUE,FALSE,TRUE,TRUE
94xm20loun.jpg,199,TRUE,FALSE,TRUE,TRUE,TRUE
7ply36k5qm.jpg,199,TRUE,FALSE,TRUE,TRUE,TRUE
ne81rvduqx.jpg,199,FALSE,TRUE,TRUE,TRUE,TRUE
kswb8pmjt5.jpg,199,FALSE,TRUE,TRUE,TRUE,TRUE
vapz2d0e6y.jpg,200,TRUE,TRUE,TRUE,TRUE,FALSE
w0p5os9myb.jpg,200,TRUE,TRUE,TRUE,TRUE,FALSE
klzx4pa8g3.jpg,200,TRUE,TRUE,TRUE,FALSE,TRUE
zi684vlmpg.jpg,200,TRUE,TRUE,TRUE,FALSE,TRUE
p6xa9geu58.jpg,200,TRUE,TRUE,FALSE,TRUE,TRUE
dotn26v83u.jpg,200,TRUE,TRUE,FALSE,TRUE,TRUE
ebyk9ncgfu.jpg,200,TRUE,FALSE,TRUE,TRUE,TRUE
xhegwmkblc.jpg,200,TRUE,FALSE,TRUE,TRUE,TRUE
go7r4mdlxp.jpg,200,FALSE,TRUE,TRUE,TRUE,TRUE
hfyw5g6a1k.jpg,200,FALSE,TRUE,TRUE,TRUE,TRUE
gm0phedti6.jpg,201,TRUE,TRUE,TRUE,TRUE,FALSE
zrg1i5j2vt.jpg,201,TRUE,TRUE,TRUE,TRUE,FALSE
zv310diysc.jpg,201,TRUE,TRUE,TRUE,FALSE,TRUE
g861hjq0eo.jpg,201,TRUE,TRUE,TRUE,FALSE,TRUE
dmkrnea8xl.jpg,201,TRUE,TRUE,FALSE,TRUE,TRUE
gakfqev36t.jpg,201,TRUE,TRUE,FALSE,TRUE,TRUE
ehu1cb8rx3.jpg,201,TRUE,FALSE,TRUE,TRUE,TRUE
e8soz0ldnk.jpg,201,TRUE,FALSE,TRUE,TRUE,TRUE
aj23918mle.jpg,201,FALSE,TRUE,TRUE,TRUE,TRUE
9cdfb7ezi8.jpg,201,FALSE,TRUE,TRUE,TRUE,TRUE
8q7103xz24.jpg,202,TRUE,TRUE,TRUE,TRUE,FALSE
w8s69l1hiv.jpg,202,TRUE,TRUE,TRUE,TRUE,FALSE
ayezh6x1l7.jpg,202,TRUE,TRUE,TRUE,FALSE,TRUE
ahx6wi2lz1.jpg,202,TRUE,TRUE,TRUE,FALSE,TRUE
kq2lf6t9uy.jpg,202,TRUE,TRUE,FALSE,TRUE,TRUE
3kc085ur1p.jpg,202,TRUE,TRUE,FALSE,TRUE,TRUE
23680fkbw1.jpg,202,TRUE,FALSE,TRUE,TRUE,TRUE
84v5ui7bx3.jpg,202,TRUE,FALSE,TRUE,TRUE,TRUE
ip4872akng.jpg,202,FALSE,TRUE,TRUE,TRUE,TRUE
i0hv8t193j.jpg,202,FALSE,TRUE,TRUE,TRUE,TRUE
9xbchwtegu.jpg,203,TRUE,TRUE,TRUE,TRUE,FALSE
5fh7zcp8ny.jpg,203,TRUE,TRUE,TRUE,TRUE,FALSE
0a1h7votc5.jpg,203,TRUE,TRUE,TRUE,FALSE,TRUE
m97xzqfvsb.jpg,203,TRUE,TRUE,TRUE,FALSE,TRUE
sq5t0yoi27.jpg,203,TRUE,TRUE,FALSE,TRUE,TRUE
cqe8nm21xb.jpg,203,TRUE,TRUE,FALSE,TRUE,TRUE
ncur7qwv5t.jpg,203,TRUE,FALSE,TRUE,TRUE,TRUE
tmd1p5iksf.jpg,203,TRUE,FALSE,TRUE,TRUE,TRUE
z9ore680uf.jpg,203,FALSE,TRUE,TRUE,TRUE,TRUE
xdguayfb4z.jpg,203,FALSE,TRUE,TRUE,TRUE,TRUE
oxrhmn7s9g.jpg,204,TRUE,TRUE,TRUE,TRUE,FALSE
16lyj3csrk.jpg,204,TRUE,TRUE,TRUE,TRUE,FALSE
fk39h1p4oa.jpg,204,TRUE,TRUE,TRUE,FALSE,TRUE
dojy76xpz0.jpg,204,TRUE,TRUE,TRUE,FALSE,TRUE
583xman1vi.jpg,204,TRUE,TRUE,FALSE,TRUE,TRUE
c5mq78lotn.jpg,204,TRUE,TRUE,FALSE,TRUE,TRUE
8blaev976r.jpg,204,TRUE,FALSE,TRUE,TRUE,TRUE
ehd26rgoq0.jpg,204,TRUE,FALSE,TRUE,TRUE,TRUE
4ucan0q26o.jpg,204,FALSE,TRUE,TRUE,TRUE,TRUE
dbzy0jn8oe.jpg,204,FALSE,TRUE,TRUE,TRUE,TRUE
o0vyajcu6m.jpg,205,TRUE,TRUE,TRUE,TRUE,FALSE
kdmarp5xj1.jpg,205,TRUE,TRUE,TRUE,TRUE,FALSE
17at8fyrjz.jpg,205,TRUE,TRUE,TRUE,FALSE,TRUE
xcz65ha2sf.jpg,205,TRUE,TRUE,TRUE,FALSE,TRUE
mlep321ufs.jpg,205,TRUE,TRUE,FALSE,TRUE,TRUE
iwhp0271c6.jpg,205,TRUE,TRUE,FALSE,TRUE,TRUE
fi4puxkgel.jpg,205,TRUE,FALSE,TRUE,TRUE,TRUE
9kgiqzj17d.jpg,205,TRUE,FALSE,TRUE,TRUE,TRUE
7pz3fyhw8t.jpg,205,FALSE,TRUE,TRUE,TRUE,TRUE
uaeli2v5sy.jpg,205,FALSE,TRUE,TRUE,TRUE,TRUE
wo56q7gun2.jpg,206,TRUE,TRUE,TRUE,TRUE,FALSE
dkj0l3w42m.jpg,206,TRUE,TRUE,TRUE,TRUE,FALSE
8dgjwrzb0o.jpg,206,TRUE,TRUE,TRUE,FALSE,TRUE
cz0jdkr6h9.jpg,206,TRUE,TRUE,TRUE,FALSE,TRUE
s6mrg5zw0d.jpg,206,TRUE,TRUE,FALSE,TRUE,TRUE
4bpk81twni.jpg,206,TRUE,TRUE,FALSE,TRUE,TRUE
uojyhwki0n.jpg,206,TRUE,FALSE,TRUE,TRUE,TRUE
fjqnux9goh.jpg,206,TRUE,FALSE,TRUE,TRUE,TRUE
ch287fbnt5.jpg,206,FALSE,TRUE,TRUE,TRUE,TRUE
irlt370pa1.jpg,206,FALSE,TRUE,TRUE,TRUE,TRUE
lw3q2d7xco.jpg,207,TRUE,TRUE,TRUE,TRUE,FALSE
zhb425a9ce.jpg,207,TRUE,TRUE,TRUE,TRUE,FALSE
cplxhw6ek0.jpg,207,TRUE,TRUE,TRUE,FALSE,TRUE
p8ai47w5nf.jpg,207,TRUE,TRUE,TRUE,FALSE,TRUE
h8y4mi10qn.jpg,207,TRUE,TRUE,FALSE,TRUE,TRUE
nvt6c30p9e.jpg,207,TRUE,TRUE,FALSE,TRUE,TRUE
j4bf0yv628.jpg,207,TRUE,FALSE,TRUE,TRUE,TRUE
ep8j1kgmr3.jpg,207,TRUE,FALSE,TRUE,TRUE,TRUE
s2365oub10.jpg,207,FALSE,TRUE,TRUE,TRUE,TRUE
tzp5chyskx.jpg,207,FALSE,TRUE,TRUE,TRUE,TRUE
2cjmveo601.jpg,208,TRUE,TRUE,TRUE,TRUE,FALSE
oxiw68qr4d.jpg,208,TRUE,TRUE,TRUE,TRUE,FALSE
glfynq1p7i.jpg,208,TRUE,TRUE,TRUE,FALSE,TRUE
z3g7wb0pah.jpg,208,TRUE,TRUE,TRUE,FALSE,TRUE
9dn2gl81jf.jpg,208,TRUE,TRUE,FALSE,TRUE,TRUE
teq5r1pnlv.jpg,208,TRUE,TRUE,FALSE,TRUE,TRUE
i8zhjl6awn.jpg,208,TRUE,FALSE,TRUE,TRUE,TRUE
56xnqeco0d.jpg,208,TRUE,FALSE,TRUE,TRUE,TRUE
zhwtxjn53c.jpg,208,FALSE,TRUE,TRUE,TRUE,TRUE
6xpm9ijoh4.jpg,208,FALSE,TRUE,TRUE,TRUE,TRUE
tou3f7pmi9.jpg,209,TRUE,TRUE,TRUE,TRUE,FALSE
zhelcfsn9y.jpg,209,TRUE,TRUE,TRUE,TRUE,FALSE
2vzg9j1kbr.jpg,209,TRUE,TRUE,TRUE,FALSE,TRUE
kp4ebq7gw6.jpg,209,TRUE,TRUE,TRUE,FALSE,TRUE
clfjra2v7o.jpg,209,TRUE,TRUE,FALSE,TRUE,TRUE
3fwiax1g6v.jpg,209,TRUE,TRUE,FALSE,TRUE,TRUE
zjqclouebx.jpg,209,TRUE,FALSE,TRUE,TRUE,TRUE
58deo1cvki.jpg,209,TRUE,FALSE,TRUE,TRUE,TRUE
6gvxae72p3.jpg,209,FALSE,TRUE,TRUE,TRUE,TRUE
7fve9dspb0.jpg,209,FALSE,TRUE,TRUE,TRUE,TRUE
mz5q7vd4jt.jpg,210,TRUE,TRUE,TRUE,TRUE,FALSE
qxsmrvoa8z.jpg,210,TRUE,TRUE,TRUE,TRUE,FALSE
dpzw7gs8af.jpg,210,TRUE,TRUE,TRUE,FALSE,TRUE
l67e9khvj4.jpg,210,TRUE,TRUE,TRUE,FALSE,TRUE
sv53ujcf9d.jpg,210,TRUE,TRUE,FALSE,TRUE,TRUE
ak7oh5yqcn.jpg,210,TRUE,TRUE,FALSE,TRUE,TRUE
afx3pqtshe.jpg,210,TRUE,FALSE,TRUE,TRUE,TRUE
lf4n7pykm0.jpg,210,TRUE,FALSE,TRUE,TRUE,TRUE
jwpt8ld3n4.jpg,210,FALSE,TRUE,TRUE,TRUE,TRUE
cb7q02djin.jpg,210,FALSE,TRUE,TRUE,TRUE,TRUE
gaejc2x1yv.jpg,211,TRUE,TRUE,TRUE,TRUE,FALSE
wragp32oh6.jpg,211,TRUE,TRUE,TRUE,TRUE,FALSE
crilf5enta.jpg,211,TRUE,TRUE,TRUE,FALSE,TRUE
r3hzfqscm6.jpg,211,TRUE,TRUE,TRUE,FALSE,TRUE
qjnskgeudp.jpg,211,TRUE,TRUE,FALSE,TRUE,TRUE
q7k2r5mj6y.jpg,211,TRUE,TRUE,FALSE,TRUE,TRUE
r4yhvjs869.jpg,211,TRUE,FALSE,TRUE,TRUE,TRUE
7d3ce5x9zo.jpg,211,TRUE,FALSE,TRUE,TRUE,TRUE
wst0py26hv.jpg,211,FALSE,TRUE,TRUE,TRUE,TRUE
fdlsrbpn6c.jpg,211,FALSE,TRUE,TRUE,TRUE,TRUE
6e2v7xt45u.jpg,212,TRUE,TRUE,TRUE,TRUE,FALSE
q9dti6vg0x.jpg,212,TRUE,TRUE,TRUE,TRUE,FALSE
745f9kaumw.jpg,212,TRUE,TRUE,TRUE,FALSE,TRUE
qb2mhd9liy.jpg,212,TRUE,TRUE,TRUE,FALSE,TRUE
uyn307avzf.jpg,212,TRUE,TRUE,FALSE,TRUE,TRUE
nuktpe7g6y.jpg,212,TRUE,TRUE,FALSE,TRUE,TRUE
pso7k648yg.jpg,212,TRUE,FALSE,TRUE,TRUE,TRUE
86fch2t1s7.jpg,212,TRUE,FALSE,TRUE,TRUE,TRUE
rimyn6vfas.jpg,212,FALSE,TRUE,TRUE,TRUE,TRUE
utnpwb4oc1.jpg,212,FALSE,TRUE,TRUE,TRUE,TRUE
n73k4y0imx.jpg,213,TRUE,TRUE,TRUE,TRUE,FALSE
kf65se24pu.jpg,213,TRUE,TRUE,TRUE,TRUE,FALSE
9yegr5ltuv.jpg,213,TRUE,TRUE,TRUE,FALSE,TRUE
iokf6mcrq2.jpg,213,TRUE,TRUE,TRUE,FALSE,TRUE
pemnd7h95f.jpg,213,TRUE,TRUE,FALSE,TRUE,TRUE
dhc3uy8pas.jpg,213,TRUE,TRUE,FALSE,TRUE,TRUE
2le43zcqfj.jpg,213,TRUE,FALSE,TRUE,TRUE,TRUE
50cfrwdg7o.jpg,213,TRUE,FALSE,TRUE,TRUE,TRUE
pinod7vjzk.jpg,213,FALSE,TRUE,TRUE,TRUE,TRUE
16hyv9mz8g.jpg,213,FALSE,TRUE,TRUE,TRUE,TRUE
gfdtk9amx3.jpg,214,TRUE,TRUE,TRUE,TRUE,FALSE
mp0rbu9as6.jpg,214,TRUE,TRUE,TRUE,TRUE,FALSE
riv6g7d2qh.jpg,214,TRUE,TRUE,TRUE,FALSE,TRUE
zluvr8ojiw.jpg,214,TRUE,TRUE,TRUE,FALSE,TRUE
7z53qtv28j.jpg,214,TRUE,TRUE,FALSE,TRUE,TRUE
74j8wsaepr.jpg,214,TRUE,TRUE,FALSE,TRUE,TRUE
x49ako6cbn.jpg,214,TRUE,FALSE,TRUE,TRUE,TRUE
w2p6cht3ly.jpg,214,TRUE,FALSE,TRUE,TRUE,TRUE
r6yhpvoqi0.jpg,214,FALSE,TRUE,TRUE,TRUE,TRUE
lzrafugvc9.jpg,214,FALSE,TRUE,TRUE,TRUE,TRUE
nth1fqwaob.jpg,215,TRUE,TRUE,TRUE,TRUE,FALSE
u4stoagwp1.jpg,215,TRUE,TRUE,TRUE,TRUE,FALSE
zpviw32thd.jpg,215,TRUE,TRUE,TRUE,FALSE,TRUE
1suz7kac89.jpg,215,TRUE,TRUE,TRUE,FALSE,TRUE
1jf89myh73.jpg,215,TRUE,TRUE,FALSE,TRUE,TRUE
mphda8uisg.jpg,215,TRUE,TRUE,FALSE,TRUE,TRUE
h4wpfruq82.jpg,215,TRUE,FALSE,TRUE,TRUE,TRUE
1lezfh2jgv.jpg,215,TRUE,FALSE,TRUE,TRUE,TRUE
vde7r4uy8g.jpg,215,FALSE,TRUE,TRUE,TRUE,TRUE
yrqh5dvngz.jpg,215,FALSE,TRUE,TRUE,TRUE,TRUE
c0l6gp5kan.jpg,216,TRUE,TRUE,TRUE,TRUE,FALSE
wkin28ve6o.jpg,216,TRUE,TRUE,TRUE,TRUE,FALSE
kol0dbpm34.jpg,216,TRUE,TRUE,TRUE,FALSE,TRUE
ajzs6h1pn2.jpg,216,TRUE,TRUE,TRUE,FALSE,TRUE
kcpuizryl3.jpg,216,TRUE,TRUE,FALSE,TRUE,TRUE
4rug69hxo1.jpg,216,TRUE,TRUE,FALSE,TRUE,TRUE
iq9dog1skr.jpg,216,TRUE,FALSE,TRUE,TRUE,TRUE
980xodeavj.jpg,216,TRUE,FALSE,TRUE,TRUE,TRUE
52vcn3os4r.jpg,216,FALSE,TRUE,TRUE,TRUE,TRUE
ypum98e5ws.jpg,216,FALSE,TRUE,TRUE,TRUE,TRUE
r52wvxckqn.jpg,217,TRUE,TRUE,TRUE,TRUE,FALSE
4hmutl07s3.jpg,217,TRUE,TRUE,TRUE,TRUE,FALSE
t3a19egwoj.jpg,217,TRUE,TRUE,TRUE,FALSE,TRUE
id1qmeu2ks.jpg,217,TRUE,TRUE,TRUE,FALSE,TRUE
e0xw97o18r.jpg,217,TRUE,TRUE,FALSE,TRUE,TRUE
y7n9rut2sc.jpg,217,TRUE,TRUE,FALSE,TRUE,TRUE
prtfdjexg9.jpg,217,TRUE,FALSE,TRUE,TRUE,TRUE
0whe2yom8g.jpg,217,TRUE,FALSE,TRUE,TRUE,TRUE
e8vxag7m2p.jpg,217,FALSE,TRUE,TRUE,TRUE,TRUE
2b45qrx6cd.jpg,217,FALSE,TRUE,TRUE,TRUE,TRUE
vpn29j6fq8.jpg,218,TRUE,TRUE,TRUE,TRUE,FALSE
ktu314bvyz.jpg,218,TRUE,TRUE,TRUE,TRUE,FALSE
rj1ehkny3c.jpg,218,TRUE,TRUE,TRUE,FALSE,TRUE
ohv81kpimw.jpg,218,TRUE,TRUE,TRUE,FALSE,TRUE
y8cq54wgm0.jpg,218,TRUE,TRUE,FALSE,TRUE,TRUE
9a4ryif2xc.jpg,218,TRUE,TRUE,FALSE,TRUE,TRUE
nhs2oz6q7g.jpg,218,TRUE,FALSE,TRUE,TRUE,TRUE
atvix0fwnq.jpg,218,TRUE,FALSE,TRUE,TRUE,TRUE
wpd8temlgf.jpg,218,FALSE,TRUE,TRUE,TRUE,TRUE
vne5f9kldo.jpg,218,FALSE,TRUE,TRUE,TRUE,TRUE
